Series Name,Series Code,Country Name,Country Code,1960 [YR1960],1961 [YR1961],1962 [YR1962],1963 [YR1963],1964 [YR1964],1965 [YR1965],1966 [YR1966],1967 [YR1967],1968 [YR1968],1969 [YR1969],1970 [YR1970],1971 [YR1971],1972 [YR1972],1973 [YR1973],1974 [YR1974],1975 [YR1975],1976 [YR1976],1977 [YR1977],1978 [YR1978],1979 [YR1979],1980 [YR1980],1981 [YR1981],1982 [YR1982],1983 [YR1983],1984 [YR1984],1985 [YR1985],1986 [YR1986],1987 [YR1987],1988 [YR1988],1989 [YR1989],1990 [YR1990],1991 [YR1991],1992 [YR1992],1993 [YR1993],1994 [YR1994],1995 [YR1995],1996 [YR1996],1997 [YR1997],1998 [YR1998],1999 [YR1999],2000 [YR2000],2001 [YR2001],2002 [YR2002],2003 [YR2003],2004 [YR2004],2005 [YR2005],2006 [YR2006],2007 [YR2007],2008 [YR2008],2009 [YR2009],2010 [YR2010],2011 [YR2011],2012 [YR2012],2013 [YR2013],2014 [YR2014],2015 [YR2015],2016 [YR2016],2017 [YR2017],2018 [YR2018],2019 [YR2019],2020 [YR2020]
Net migration,SM.POP.NETM,World,WLD,..,..,0,..,..,..,..,0,..,..,..,..,0,..,..,..,..,0,..,..,..,..,0,..,..,..,..,0,..,..,..,..,0,..,..,..,..,0,..,..,..,..,0,..,..,..,..,0,..,..,..,..,0,..,..,..,..,0,..,..,..
Net migration,SM.POP.NETM,Afghanistan,AFG,..,..,-20000,..,..,..,..,-20000,..,..,..,..,-20000,..,..,..,..,-1153959,..,..,..,..,-3345095,..,..,..,..,-1525351,..,..,..,..,3076383,..,..,..,..,-867540,..,..,..,..,744193,..,..,..,..,-1046361,..,..,..,..,521769,..,..,..,..,-314602,..,..,..
Net migration,SM.POP.NETM,Albania,ALB,..,..,-99,..,..,..,..,-99,..,..,..,..,-99,..,..,..,..,-99,..,..,..,..,-99,..,..,..,..,-99,..,..,..,..,-443212,..,..,..,..,-179606,..,..,..,..,-176774,..,..,..,..,-217358,..,..,..,..,-136590,..,..,..,..,-69998,..,..,..
Net migration,SM.POP.NETM,Algeria,DZA,..,..,-282941,..,..,..,..,-121335,..,..,..,..,-253436,..,..,..,..,-224833,..,..,..,..,-81020,..,..,..,..,-93302,..,..,..,..,-128679,..,..,..,..,-164413,..,..,..,..,-205228,..,..,..,..,-357340,..,..,..,..,-143268,..,..,..,..,-50002,..,..,..
Net migration,SM.POP.NETM,American Samoa,ASM,..,..,..,..,..,..,..,..,..,..,..,..,..,..,..,..,..,..,..,..,..,..,..,..,..,..,..,..,..,..,..,..,..,..,..,..,..,..,..,..,..,..,..,..,..,..,..,..,..,..,..,..,..,..,..,..,..,..,..,..,..
Net migration,SM.POP.NETM,Andorra,AND,..,..,..,..,..,..,..,..,..,..,..,..,..,..,..,..,..,..,..,..,..,..,..,..,..,..,..,..,..,..,..,..,..,..,..,..,..,..,..,..,..,..,..,..,..,..,..,..,..,..,..,..,..,..,..,..,..,..,..,..,..
Net migration,SM.POP.NETM,Angola,AGO,..,..,-296717,..,..,..,..,-587286,..,..,..,..,199800,..,..,..,..,199800,..,..,..,..,234148,..,..,..,..,188491,..,..,..,..,142812,..,..,..,..,199800,..,..,..,..,261100,..,..,..,..,357301,..,..,..,..,166267,..,..,..,..,32066,..,..,..
Net migration,SM.POP.NETM,Antigua and Barbuda,ATG,..,..,-1880,..,..,..,..,-1202,..,..,..,..,-7018,..,..,..,..,-4428,..,..,..,..,-3763,..,..,..,..,-2890,..,..,..,..,2231,..,..,..,..,2469,..,..,..,..,252,..,..,..,..,1887,..,..,..,..,943,..,..,..,..,0,..,..,..
Net migration,SM.POP.NETM,Argentina,ARG,..,..,122000,..,..,..,..,130000,..,..,..,..,142000,..,..,..,..,-230000,..,..,..,..,140000,..,..,..,..,160000,..,..,..,..,-105000,..,..,..,..,-128000,..,..,..,..,-125000,..,..,..,..,-120000,..,..,..,..,30000,..,..,..,..,24000,..,..,..
Net migration,SM.POP.NETM,Armenia,ARM,..,..,70335,..,..,..,..,103399,..,..,..,..,86404,..,..,..,..,17214,..,..,..,..,-51230,..,..,..,..,-67528,..,..,..,..,-496288,..,..,..,..,-223873,..,..,..,..,-160521,..,..,..,..,-183361,..,..,..,..,-30535,..,..,..,..,-24989,..,..,..
Net migration,SM.POP.NETM,Aruba,ABW,..,..,-4323,..,..,..,..,-4275,..,..,..,..,-3537,..,..,..,..,-5470,..,..,..,..,-1921,..,..,..,..,-5194,..,..,..,..,14218,..,..,..,..,6926,..,..,..,..,6263,..,..,..,..,-441,..,..,..,..,1253,..,..,..,..,1004,..,..,..
Net migration,SM.POP.NETM,Australia,AUS,..,..,384343,..,..,..,..,806193,..,..,..,..,259531,..,..,..,..,235744,..,..,..,..,453572,..,..,..,..,654209,..,..,..,..,351078,..,..,..,..,388419,..,..,..,..,589282,..,..,..,..,1210802,..,..,..,..,989375,..,..,..,..,791229,..,..,..
Net migration,SM.POP.NETM,Austria,AUT,..,..,15996,..,..,..,..,50401,..,..,..,..,82001,..,..,..,..,5502,..,..,..,..,18002,..,..,..,..,110999,..,..,..,..,227841,..,..,..,..,65082,..,..,..,..,178117,..,..,..,..,153763,..,..,..,..,267172,..,..,..,..,324998,..,..,..
Net migration,SM.POP.NETM,Azerbaijan,AZE,..,..,0,..,..,..,..,-40000,..,..,..,..,-50466,..,..,..,..,-50466,..,..,..,..,-101568,..,..,..,..,-161568,..,..,..,..,-115116,..,..,..,..,-111849,..,..,..,..,36523,..,..,..,..,53579,..,..,..,..,8499,..,..,..,..,6002,..,..,..
Net migration,SM.POP.NETM,"Bahamas, The",BHS,..,..,13873,..,..,..,..,13929,..,..,..,..,949,..,..,..,..,2981,..,..,..,..,646,..,..,..,..,-811,..,..,..,..,-322,..,..,..,..,-3001,..,..,..,..,11877,..,..,..,..,14536,..,..,..,..,4999,..,..,..,..,4999,..,..,..
Net migration,SM.POP.NETM,Bahrain,BHR,..,..,-4195,..,..,..,..,-8033,..,..,..,..,19123,..,..,..,..,48962,..,..,..,..,3234,..,..,..,..,12899,..,..,..,..,5480,..,..,..,..,39180,..,..,..,..,155500,..,..,..,..,272000,..,..,..,..,42000,..,..,..,..,239000,..,..,..
Net migration,SM.POP.NETM,Bangladesh,BGD,..,..,-142378,..,..,..,..,-161822,..,..,..,..,-3045287,..,..,..,..,-1137344,..,..,..,..,-793826,..,..,..,..,-219363,..,..,..,..,-813794,..,..,..,..,-719899,..,..,..,..,-1492537,..,..,..,..,-3254778,..,..,..,..,-2306839,..,..,..,..,-1847503,..,..,..
Net migration,SM.POP.NETM,Barbados,BRB,..,..,-17960,..,..,..,..,-13677,..,..,..,..,-6934,..,..,..,..,-5548,..,..,..,..,-7856,..,..,..,..,-6311,..,..,..,..,-5393,..,..,..,..,-3643,..,..,..,..,-3188,..,..,..,..,-249,..,..,..,..,-397,..,..,..,..,-397,..,..,..
Net migration,SM.POP.NETM,Belarus,BLR,..,..,-125387,..,..,..,..,65585,..,..,..,..,37146,..,..,..,..,38298,..,..,..,..,47114,..,..,..,..,-23021,..,..,..,..,-63057,..,..,..,..,56146,..,..,..,..,-6382,..,..,..,..,63933,..,..,..,..,72123,..,..,..,..,43648,..,..,..
Net migration,SM.POP.NETM,Belgium,BEL,..,..,38304,..,..,..,..,47288,..,..,..,..,70980,..,..,..,..,73523,..,..,..,..,18478,..,..,..,..,42556,..,..,..,..,106947,..,..,..,..,50870,..,..,..,..,219560,..,..,..,..,294270,..,..,..,..,258672,..,..,..,..,240000,..,..,..
Net migration,SM.POP.NETM,Belize,BLZ,..,..,-2418,..,..,..,..,-2957,..,..,..,..,-10665,..,..,..,..,-13542,..,..,..,..,-5332,..,..,..,..,-5404,..,..,..,..,-9011,..,..,..,..,11909,..,..,..,..,5797,..,..,..,..,8722,..,..,..,..,7594,..,..,..,..,6000,..,..,..
Net migration,SM.POP.NETM,Benin,BEN,..,..,-24295,..,..,..,..,-23742,..,..,..,..,-24845,..,..,..,..,-19393,..,..,..,..,-10848,..,..,..,..,-8723,..,..,..,..,68259,..,..,..,..,-2851,..,..,..,..,25005,..,..,..,..,-48776,..,..,..,..,-42268,..,..,..,..,-10000,..,..,..
Net migration,SM.POP.NETM,Bermuda,BMU,..,..,..,..,..,..,..,..,..,..,..,..,..,..,..,..,..,..,..,..,..,..,..,..,..,..,..,..,..,..,..,..,..,..,..,..,..,..,..,..,..,..,..,..,..,..,..,..,..,..,..,..,..,..,..,..,..,..,..,..,..
Net migration,SM.POP.NETM,Bhutan,BTN,..,..,5000,..,..,..,..,10000,..,..,..,..,10001,..,..,..,..,10016,..,..,..,..,797,..,..,..,..,1595,..,..,..,..,-58565,..,..,..,..,143,..,..,..,..,6171,..,..,..,..,-10971,..,..,..,..,300,..,..,..,..,1600,..,..,..
Net migration,SM.POP.NETM,Bolivia,BOL,..,..,-20760,..,..,..,..,-23150,..,..,..,..,-26620,..,..,..,..,-40130,..,..,..,..,-73670,..,..,..,..,-64260,..,..,..,..,-51670,..,..,..,..,-64330,..,..,..,..,-77720,..,..,..,..,-67700,..,..,..,..,-57620,..,..,..,..,-47520,..,..,..
Net migration,SM.POP.NETM,Bosnia and Herzegovina,BIH,..,..,-50002,..,..,..,..,-96958,..,..,..,..,-82247,..,..,..,..,-74132,..,..,..,..,-29999,..,..,..,..,-134587,..,..,..,..,-740715,..,..,..,..,-159283,..,..,..,..,-6000,..,..,..,..,-59246,..,..,..,..,-258529,..,..,..,..,-107926,..,..,..
Net migration,SM.POP.NETM,Botswana,BWA,..,..,-22436,..,..,..,..,-24198,..,..,..,..,3992,..,..,..,..,17744,..,..,..,..,5203,..,..,..,..,46821,..,..,..,..,24296,..,..,..,..,36443,..,..,..,..,26928,..,..,..,..,26928,..,..,..,..,-73138,..,..,..,..,14999,..,..,..
Net migration,SM.POP.NETM,Brazil,BRA,..,..,0,..,..,..,..,0,..,..,..,..,0,..,..,..,..,0,..,..,..,..,0,..,..,..,..,0,..,..,..,..,0,..,..,..,..,0,..,..,..,..,0,..,..,..,..,0,..,..,..,..,15924,..,..,..,..,106000,..,..,..
Net migration,SM.POP.NETM,British Virgin Islands,VGB,..,..,..,..,..,..,..,..,..,..,..,..,..,..,..,..,..,..,..,..,..,..,..,..,..,..,..,..,..,..,..,..,..,..,..,..,..,..,..,..,..,..,..,..,..,..,..,..,..,..,..,..,..,..,..,..,..,..,..,..,..
Net migration,SM.POP.NETM,Brunei Darussalam,BRN,..,..,6422,..,..,..,..,10843,..,..,..,..,10886,..,..,..,..,8293,..,..,..,..,3622,..,..,..,..,3684,..,..,..,..,4770,..,..,..,..,4188,..,..,..,..,422,..,..,..,..,-2257,..,..,..,..,-901,..,..,..,..,0,..,..,..
Net migration,SM.POP.NETM,Bulgaria,BGR,..,..,-1437,..,..,..,..,-6423,..,..,..,..,-43396,..,..,..,..,-94868,..,..,..,..,-22346,..,..,..,..,-184143,..,..,..,..,-356464,..,..,..,..,-133824,..,..,..,..,-85500,..,..,..,..,-83742,..,..,..,..,-24472,..,..,..,..,-24001,..,..,..
Net migration,SM.POP.NETM,Burkina Faso,BFA,..,..,-144723,..,..,..,..,-144723,..,..,..,..,-170263,..,..,..,..,-217400,..,..,..,..,-217400,..,..,..,..,-183699,..,..,..,..,-150001,..,..,..,..,-137499,..,..,..,..,-125000,..,..,..,..,-125000,..,..,..,..,-125000,..,..,..,..,-125000,..,..,..
Net migration,SM.POP.NETM,Burundi,BDI,..,..,-84989,..,..,..,..,-57900,..,..,..,..,-266496,..,..,..,..,-150290,..,..,..,..,-139146,..,..,..,..,-180004,..,..,..,..,-320001,..,..,..,..,-455304,..,..,..,..,-24721,..,..,..,..,30004,..,..,..,..,-70001,..,..,..,..,10003,..,..,..
Net migration,SM.POP.NETM,Cabo Verde,CPV,..,..,-1167,..,..,..,..,4267,..,..,..,..,-34907,..,..,..,..,-27982,..,..,..,..,-20313,..,..,..,..,-27757,..,..,..,..,-6376,..,..,..,..,-5438,..,..,..,..,-9859,..,..,..,..,-11341,..,..,..,..,-8029,..,..,..,..,-6709,..,..,..
Net migration,SM.POP.NETM,Cambodia,KHM,..,..,0,..,..,..,..,-248418,..,..,..,..,-125000,..,..,..,..,-84999,..,..,..,..,-88854,..,..,..,..,-78022,..,..,..,..,409414,..,..,..,..,348495,..,..,..,..,-35156,..,..,..,..,-295987,..,..,..,..,-149999,..,..,..,..,-149999,..,..,..
Net migration,SM.POP.NETM,Cameroon,CMR,..,..,0,..,..,..,..,-1000,..,..,..,..,-2500,..,..,..,..,0,..,..,..,..,-16500,..,..,..,..,-19500,..,..,..,..,-48000,..,..,..,..,-48000,..,..,..,..,-54000,..,..,..,..,-54000,..,..,..,..,-36000,..,..,..,..,-24000,..,..,..
Net migration,SM.POP.NETM,Canada,CAN,..,..,178691,..,..,..,..,611117,..,..,..,..,758104,..,..,..,..,420633,..,..,..,..,373939,..,..,..,..,859217,..,..,..,..,690555,..,..,..,..,783535,..,..,..,..,1052013,..,..,..,..,1326431,..,..,..,..,1241416,..,..,..,..,1210159,..,..,..
Net migration,SM.POP.NETM,Cayman Islands,CYM,..,..,..,..,..,..,..,..,..,..,..,..,..,..,..,..,..,..,..,..,..,..,..,..,..,..,..,..,..,..,..,..,..,..,..,..,..,..,..,..,..,..,..,..,..,..,..,..,..,..,..,..,..,..,..,..,..,..,..,..,..
Net migration,SM.POP.NETM,Central African Republic,CAF,..,..,11930,..,..,..,..,13145,..,..,..,..,-50000,..,..,..,..,-1000,..,..,..,..,40000,..,..,..,..,-80000,..,..,..,..,50000,..,..,..,..,30000,..,..,..,..,-24405,..,..,..,..,-125614,..,..,..,..,-396129,..,..,..,..,-200000,..,..,..
Net migration,SM.POP.NETM,Chad,TCD,..,..,-5000,..,..,..,..,-40950,..,..,..,..,-49050,..,..,..,..,-175500,..,..,..,..,-131245,..,..,..,..,1418,..,..,..,..,-10374,..,..,..,..,69444,..,..,..,..,218966,..,..,..,..,75000,..,..,..,..,100000,..,..,..,..,10000,..,..,..
Net migration,SM.POP.NETM,Channel Islands,CHI,..,..,2934,..,..,..,..,3880,..,..,..,..,4250,..,..,..,..,1726,..,..,..,..,5380,..,..,..,..,6085,..,..,..,..,1170,..,..,..,..,2291,..,..,..,..,1513,..,..,..,..,5970,..,..,..,..,3570,..,..,..,..,6754,..,..,..
Net migration,SM.POP.NETM,Chile,CHL,..,..,-146900,..,..,..,..,-196500,..,..,..,..,-161260,..,..,..,..,-148300,..,..,..,..,-154520,..,..,..,..,-68650,..,..,..,..,3610,..,..,..,..,19340,..,..,..,..,42330,..,..,..,..,107169,..,..,..,..,163730,..,..,..,..,558539,..,..,..
Net migration,SM.POP.NETM,China,CHN,..,..,-1125727,..,..,..,..,-160002,..,..,..,..,-1105479,..,..,..,..,-47004,..,..,..,..,-200000,..,..,..,..,-431651,..,..,..,..,-779982,..,..,..,..,-382999,..,..,..,..,-1965578,..,..,..,..,-2178385,..,..,..,..,-1552209,..,..,..,..,-1741996,..,..,..
Net migration,SM.POP.NETM,Colombia,COL,..,..,-306563,..,..,..,..,-338635,..,..,..,..,-380422,..,..,..,..,-419350,..,..,..,..,-370972,..,..,..,..,-324000,..,..,..,..,-287950,..,..,..,..,-259000,..,..,..,..,-231000,..,..,..,..,-195000,..,..,..,..,-193380,..,..,..,..,1023981,..,..,..
Net migration,SM.POP.NETM,Comoros,COM,..,..,-8491,..,..,..,..,-5500,..,..,..,..,-5500,..,..,..,..,10000,..,..,..,..,-4500,..,..,..,..,-4500,..,..,..,..,-3000,..,..,..,..,-6000,..,..,..,..,-10000,..,..,..,..,-10000,..,..,..,..,-10000,..,..,..,..,-10000,..,..,..
Net migration,SM.POP.NETM,"Congo, Dem. Rep.",COD,..,..,122650,..,..,..,..,242939,..,..,..,..,27450,..,..,..,..,100685,..,..,..,..,-450468,..,..,..,..,74515,..,..,..,..,1287106,..,..,..,..,-958174,..,..,..,..,-241564,..,..,..,..,-43426,..,..,..,..,15060,..,..,..,..,119303,..,..,..
Net migration,SM.POP.NETM,"Congo, Rep.",COG,..,..,0,..,..,..,..,0,..,..,..,..,0,..,..,..,..,-7407,..,..,..,..,2098,..,..,..,..,2000,..,..,..,..,22530,..,..,..,..,49302,..,..,..,..,51485,..,..,..,..,91771,..,..,..,..,-60000,..,..,..,..,-20000,..,..,..
Net migration,SM.POP.NETM,Costa Rica,CRI,..,..,7905,..,..,..,..,7827,..,..,..,..,12638,..,..,..,..,17425,..,..,..,..,18876,..,..,..,..,17417,..,..,..,..,69202,..,..,..,..,89527,..,..,..,..,41792,..,..,..,..,30339,..,..,..,..,19658,..,..,..,..,21000,..,..,..
Net migration,SM.POP.NETM,Cote d'Ivoire,CIV,..,..,200706,..,..,..,..,200706,..,..,..,..,393042,..,..,..,..,403322,..,..,..,..,427498,..,..,..,..,319134,..,..,..,..,375000,..,..,..,..,180000,..,..,..,..,-300000,..,..,..,..,-200000,..,..,..,..,-80000,..,..,..,..,-40000,..,..,..
Net migration,SM.POP.NETM,Croatia,HRV,..,..,1854,..,..,..,..,-1225,..,..,..,..,-18403,..,..,..,..,18681,..,..,..,..,54369,..,..,..,..,26145,..,..,..,..,-143579,..,..,..,..,-188129,..,..,..,..,-2580,..,..,..,..,-10499,..,..,..,..,-38493,..,..,..,..,-40004,..,..,..
Net migration,SM.POP.NETM,Cuba,CUB,..,..,-204043,..,..,..,..,-248423,..,..,..,..,-190000,..,..,..,..,-160000,..,..,..,..,-270000,..,..,..,..,-69999,..,..,..,..,-120006,..,..,..,..,-132839,..,..,..,..,-145629,..,..,..,..,-240000,..,..,..,..,-80000,..,..,..,..,-72000,..,..,..
Net migration,SM.POP.NETM,Curacao,CUW,..,..,-7752,..,..,..,..,-4526,..,..,..,..,-5000,..,..,..,..,-13251,..,..,..,..,-8464,..,..,..,..,-14547,..,..,..,..,-11517,..,..,..,..,-17077,..,..,..,..,-6070,..,..,..,..,15363,..,..,..,..,6817,..,..,..,..,2573,..,..,..
Net migration,SM.POP.NETM,Cyprus,CYP,..,..,-43025,..,..,..,..,-7843,..,..,..,..,3053,..,..,..,..,-1215,..,..,..,..,-27634,..,..,..,..,17167,..,..,..,..,43195,..,..,..,..,53260,..,..,..,..,57530,..,..,..,..,58658,..,..,..,..,22509,..,..,..,..,25000,..,..,..
Net migration,SM.POP.NETM,Czech Republic,CZE,..,..,24999,..,..,..,..,-129099,..,..,..,..,9999,..,..,..,..,9999,..,..,..,..,-52946,..,..,..,..,5671,..,..,..,..,29999,..,..,..,..,46002,..,..,..,..,47402,..,..,..,..,250889,..,..,..,..,59997,..,..,..,..,110057,..,..,..
Net migration,SM.POP.NETM,Denmark,DNK,..,..,2256,..,..,..,..,21866,..,..,..,..,23256,..,..,..,..,14925,..,..,..,..,9319,..,..,..,..,32839,..,..,..,..,65466,..,..,..,..,74568,..,..,..,..,46306,..,..,..,..,87989,..,..,..,..,106841,..,..,..,..,75998,..,..,..
Net migration,SM.POP.NETM,Djibouti,DJI,..,..,18000,..,..,..,..,25000,..,..,..,..,34997,..,..,..,..,91193,..,..,..,..,9999,..,..,..,..,89998,..,..,..,..,-45000,..,..,..,..,9988,..,..,..,..,-8997,..,..,..,..,-12221,..,..,..,..,6002,..,..,..,..,4501,..,..,..
Net migration,SM.POP.NETM,Dominica,DMA,..,..,..,..,..,..,..,..,..,..,..,..,..,..,..,..,..,..,..,..,..,..,..,..,..,..,..,..,..,..,..,..,..,..,..,..,..,..,..,..,..,..,..,..,..,..,..,..,..,..,..,..,..,..,..,..,..,..,..,..,..
Net migration,SM.POP.NETM,Dominican Republic,DOM,..,..,-43490,..,..,..,..,-56172,..,..,..,..,-70824,..,..,..,..,-87098,..,..,..,..,-118102,..,..,..,..,-134470,..,..,..,..,-144154,..,..,..,..,-150146,..,..,..,..,-152553,..,..,..,..,-153773,..,..,..,..,-153000,..,..,..,..,-150000,..,..,..
Net migration,SM.POP.NETM,Ecuador,ECU,..,..,-9002,..,..,..,..,-5500,..,..,..,..,-5499,..,..,..,..,-7198,..,..,..,..,-14001,..,..,..,..,-16998,..,..,..,..,-19000,..,..,..,..,-69999,..,..,..,..,-120002,..,..,..,..,-44999,..,..,..,..,-38001,..,..,..,..,182000,..,..,..
Net migration,SM.POP.NETM,"Egypt, Arab Rep.",EGY,..,..,-50100,..,..,..,..,-239700,..,..,..,..,-559179,..,..,..,..,-595294,..,..,..,..,-392930,..,..,..,..,-212184,..,..,..,..,-460404,..,..,..,..,-210899,..,..,..,..,-74464,..,..,..,..,-283573,..,..,..,..,-280944,..,..,..,..,-190164,..,..,..
Net migration,SM.POP.NETM,El Salvador,SLV,..,..,-24031,..,..,..,..,-44306,..,..,..,..,-90977,..,..,..,..,-164230,..,..,..,..,-231749,..,..,..,..,-256685,..,..,..,..,-265152,..,..,..,..,-326853,..,..,..,..,-312786,..,..,..,..,-285671,..,..,..,..,-240415,..,..,..,..,-202694,..,..,..
Net migration,SM.POP.NETM,Equatorial Guinea,GNQ,..,..,2998,..,..,..,..,5001,..,..,..,..,-70000,..,..,..,..,-29998,..,..,..,..,64999,..,..,..,..,20000,..,..,..,..,20002,..,..,..,..,35001,..,..,..,..,50003,..,..,..,..,80001,..,..,..,..,89999,..,..,..,..,79998,..,..,..
Net migration,SM.POP.NETM,Eritrea,ERI,..,..,6997,..,..,..,..,4999,..,..,..,..,10000,..,..,..,..,10000,..,..,..,..,10000,..,..,..,..,-40000,..,..,..,..,-314772,..,..,..,..,-129998,..,..,..,..,227290,..,..,..,..,-80009,..,..,..,..,-246000,..,..,..,..,-199290,..,..,..
Net migration,SM.POP.NETM,Estonia,EST,..,..,43228,..,..,..,..,41204,..,..,..,..,30581,..,..,..,..,30510,..,..,..,..,25900,..,..,..,..,15497,..,..,..,..,-111876,..,..,..,..,-1197,..,..,..,..,-18406,..,..,..,..,-15151,..,..,..,..,-10516,..,..,..,..,19555,..,..,..
Net migration,SM.POP.NETM,Eswatini,SWZ,..,..,-12011,..,..,..,..,-3966,..,..,..,..,-11426,..,..,..,..,-10100,..,..,..,..,-9310,..,..,..,..,-2218,..,..,..,..,-23252,..,..,..,..,-25847,..,..,..,..,-47814,..,..,..,..,-38219,..,..,..,..,-41764,..,..,..,..,-41764,..,..,..
Net migration,SM.POP.NETM,Ethiopia,ETH,..,..,-19999,..,..,..,..,-42182,..,..,..,..,-59597,..,..,..,..,-2112372,..,..,..,..,248546,..,..,..,..,765993,..,..,..,..,1457943,..,..,..,..,-155577,..,..,..,..,-150001,..,..,..,..,-50132,..,..,..,..,399997,..,..,..,..,150002,..,..,..
Net migration,SM.POP.NETM,Faroe Islands,FRO,..,..,..,..,..,..,..,..,..,..,..,..,..,..,..,..,..,..,..,..,..,..,..,..,..,..,..,..,..,..,..,..,..,..,..,..,..,..,..,..,..,..,..,..,..,..,..,..,..,..,..,..,..,..,..,..,..,..,..,..,..
Net migration,SM.POP.NETM,Fiji,FJI,..,..,-3455,..,..,..,..,-14279,..,..,..,..,-15145,..,..,..,..,-22230,..,..,..,..,-12677,..,..,..,..,-66996,..,..,..,..,-33803,..,..,..,..,-38692,..,..,..,..,-58598,..,..,..,..,-23691,..,..,..,..,-51950,..,..,..,..,-31008,..,..,..
Net migration,SM.POP.NETM,Finland,FIN,..,..,-64984,..,..,..,..,-97937,..,..,..,..,28880,..,..,..,..,-29377,..,..,..,..,26181,..,..,..,..,18268,..,..,..,..,47223,..,..,..,..,22154,..,..,..,..,31935,..,..,..,..,57558,..,..,..,..,81416,..,..,..,..,70000,..,..,..
Net migration,SM.POP.NETM,France,FRA,..,..,1417869,..,..,..,..,491613,..,..,..,..,543072,..,..,..,..,258429,..,..,..,..,291570,..,..,..,..,276383,..,..,..,..,122170,..,..,..,..,193631,..,..,..,..,926483,..,..,..,..,446120,..,..,..,..,423831,..,..,..,..,182636,..,..,..
Net migration,SM.POP.NETM,French Polynesia,PYF,..,..,3190,..,..,..,..,3344,..,..,..,..,5001,..,..,..,..,4674,..,..,..,..,3650,..,..,..,..,-359,..,..,..,..,-3424,..,..,..,..,3483,..,..,..,..,77,..,..,..,..,-9019,..,..,..,..,-8016,..,..,..,..,-5000,..,..,..
Net migration,SM.POP.NETM,Gabon,GAB,..,..,9410,..,..,..,..,16188,..,..,..,..,2999,..,..,..,..,4999,..,..,..,..,4999,..,..,..,..,4999,..,..,..,..,4999,..,..,..,..,9566,..,..,..,..,24820,..,..,..,..,63698,..,..,..,..,100317,..,..,..,..,16301,..,..,..
Net migration,SM.POP.NETM,"Gambia, The",GMB,..,..,5282,..,..,..,..,13403,..,..,..,..,14403,..,..,..,..,14580,..,..,..,..,14883,..,..,..,..,60597,..,..,..,..,2620,..,..,..,..,-4570,..,..,..,..,1517,..,..,..,..,-15436,..,..,..,..,-15436,..,..,..,..,-15436,..,..,..
Net migration,SM.POP.NETM,Georgia,GEO,..,..,96284,..,..,..,..,85200,..,..,..,..,-73426,..,..,..,..,-95445,..,..,..,..,-47827,..,..,..,..,-43659,..,..,..,..,-591854,..,..,..,..,-653597,..,..,..,..,-148337,..,..,..,..,-119811,..,..,..,..,-95340,..,..,..,..,-50000,..,..,..
Net migration,SM.POP.NETM,Germany,DEU,..,..,669314,..,..,..,..,871265,..,..,..,..,701731,..,..,..,..,228894,..,..,..,..,23,..,..,..,..,1683737,..,..,..,..,2628459,..,..,..,..,715944,..,..,..,..,824445,..,..,..,..,43087,..,..,..,..,1938576,..,..,..,..,2719112,..,..,..
Net migration,SM.POP.NETM,Ghana,GHA,..,..,30000,..,..,..,..,-260133,..,..,..,..,-143000,..,..,..,..,-459839,..,..,..,..,-12339,..,..,..,..,-40000,..,..,..,..,-16000,..,..,..,..,-126999,..,..,..,..,25002,..,..,..,..,150000,..,..,..,..,-50000,..,..,..,..,-50000,..,..,..
Net migration,SM.POP.NETM,Gibraltar,GIB,..,..,..,..,..,..,..,..,..,..,..,..,..,..,..,..,..,..,..,..,..,..,..,..,..,..,..,..,..,..,..,..,..,..,..,..,..,..,..,..,..,..,..,..,..,..,..,..,..,..,..,..,..,..,..,..,..,..,..,..,..
Net migration,SM.POP.NETM,Greece,GRC,..,..,-256691,..,..,..,..,-187126,..,..,..,..,20771,..,..,..,..,297368,..,..,..,..,100241,..,..,..,..,178887,..,..,..,..,459178,..,..,..,..,297431,..,..,..,..,113586,..,..,..,..,-370769,..,..,..,..,-161799,..,..,..,..,-80000,..,..,..
Net migration,SM.POP.NETM,Greenland,GRL,..,..,..,..,..,..,..,..,..,..,..,..,..,..,..,..,..,..,..,..,..,..,..,..,..,..,..,..,..,..,..,..,..,..,..,..,..,..,..,..,..,..,..,..,..,..,..,..,..,..,..,..,..,..,..,..,..,..,..,..,..
Net migration,SM.POP.NETM,Grenada,GRD,..,..,-9450,..,..,..,..,-9731,..,..,..,..,-11759,..,..,..,..,-13206,..,..,..,..,-586,..,..,..,..,-15189,..,..,..,..,-4210,..,..,..,..,-3964,..,..,..,..,-3511,..,..,..,..,-3526,..,..,..,..,-1000,..,..,..,..,-1000,..,..,..
Net migration,SM.POP.NETM,Guam,GUM,..,..,-2905,..,..,..,..,-1442,..,..,..,..,-2131,..,..,..,..,-1511,..,..,..,..,109,..,..,..,..,99,..,..,..,..,1739,..,..,..,..,-4116,..,..,..,..,-9556,..,..,..,..,-9776,..,..,..,..,-7594,..,..,..,..,-2532,..,..,..
Net migration,SM.POP.NETM,Guatemala,GTM,..,..,-10311,..,..,..,..,-41269,..,..,..,..,-137529,..,..,..,..,-258519,..,..,..,..,-283074,..,..,..,..,-299909,..,..,..,..,-367469,..,..,..,..,-402326,..,..,..,..,-281050,..,..,..,..,-114231,..,..,..,..,-50131,..,..,..,..,-46073,..,..,..
Net migration,SM.POP.NETM,Guinea,GIN,..,..,0,..,..,..,..,0,..,..,..,..,-87571,..,..,..,..,-156695,..,..,..,..,-83323,..,..,..,..,0,..,..,..,..,-134975,..,..,..,..,-181099,..,..,..,..,-349998,..,..,..,..,-311422,..,..,..,..,-293749,..,..,..,..,-20000,..,..,..
Net migration,SM.POP.NETM,Guinea-Bissau,GNB,..,..,-20001,..,..,..,..,-7230,..,..,..,..,-14999,..,..,..,..,-79367,..,..,..,..,-30001,..,..,..,..,-28004,..,..,..,..,-29999,..,..,..,..,-41167,..,..,..,..,-27932,..,..,..,..,-17502,..,..,..,..,-7005,..,..,..,..,-6996,..,..,..
Net migration,SM.POP.NETM,Guyana,GUY,..,..,-14669,..,..,..,..,-42559,..,..,..,..,-54362,..,..,..,..,-52341,..,..,..,..,-97340,..,..,..,..,-102648,..,..,..,..,-57867,..,..,..,..,-86647,..,..,..,..,-63249,..,..,..,..,-50078,..,..,..,..,-34999,..,..,..,..,-30001,..,..,..
Net migration,SM.POP.NETM,Haiti,HTI,..,..,-51997,..,..,..,..,-58003,..,..,..,..,-88000,..,..,..,..,-97999,..,..,..,..,-124999,..,..,..,..,-135001,..,..,..,..,-140001,..,..,..,..,-144998,..,..,..,..,-139999,..,..,..,..,-138004,..,..,..,..,-150000,..,..,..,..,-175000,..,..,..
Net migration,SM.POP.NETM,Honduras,HND,..,..,-29002,..,..,..,..,-41000,..,..,..,..,-45999,..,..,..,..,-50999,..,..,..,..,-61998,..,..,..,..,-73998,..,..,..,..,-77999,..,..,..,..,-64998,..,..,..,..,-41999,..,..,..,..,-25000,..,..,..,..,-30000,..,..,..,..,-34000,..,..,..
Net migration,SM.POP.NETM,"Hong Kong SAR, China",HKG,..,..,-27385,..,..,..,..,71590,..,..,..,..,73970,..,..,..,..,390487,..,..,..,..,160605,..,..,..,..,221262,..,..,..,..,156486,..,..,..,..,375683,..,..,..,..,64797,..,..,..,..,89747,..,..,..,..,74892,..,..,..,..,146542,..,..,..
Net migration,SM.POP.NETM,Hungary,HUN,..,..,21715,..,..,..,..,15731,..,..,..,..,-24419,..,..,..,..,13040,..,..,..,..,-115800,..,..,..,..,-91554,..,..,..,..,99980,..,..,..,..,78562,..,..,..,..,61589,..,..,..,..,25150,..,..,..,..,29999,..,..,..,..,29999,..,..,..
Net migration,SM.POP.NETM,Iceland,ISL,..,..,-732,..,..,..,..,-2757,..,..,..,..,-1061,..,..,..,..,-3929,..,..,..,..,260,..,..,..,..,646,..,..,..,..,-1054,..,..,..,..,1020,..,..,..,..,2940,..,..,..,..,12007,..,..,..,..,-2163,..,..,..,..,1900,..,..,..
Net migration,SM.POP.NETM,India,IND,..,..,-85391,..,..,..,..,-342846,..,..,..,..,2106041,..,..,..,..,1111236,..,..,..,..,579708,..,..,..,..,45150,..,..,..,..,-552948,..,..,..,..,-682569,..,..,..,..,-1888986,..,..,..,..,-2655844,..,..,..,..,-2350075,..,..,..,..,-2663434,..,..,..
Net migration,SM.POP.NETM,Indonesia,IDN,..,..,449965,..,..,..,..,556062,..,..,..,..,508276,..,..,..,..,378743,..,..,..,..,475080,..,..,..,..,261282,..,..,..,..,-35412,..,..,..,..,-67671,..,..,..,..,-1149655,..,..,..,..,-1333685,..,..,..,..,-454447,..,..,..,..,-494777,..,..,..
Net migration,SM.POP.NETM,"Iran, Islamic Rep.",IRN,..,..,-7838,..,..,..,..,51755,..,..,..,..,77633,..,..,..,..,403319,..,..,..,..,2007670,..,..,..,..,1497228,..,..,..,..,-898423,..,..,..,..,-218350,..,..,..,..,-48444,..,..,..,..,-576900,..,..,..,..,-502345,..,..,..,..,-274998,..,..,..
Net migration,SM.POP.NETM,Iraq,IRQ,..,..,-1862,..,..,..,..,-6877,..,..,..,..,-8587,..,..,..,..,-47791,..,..,..,..,-199939,..,..,..,..,-647664,..,..,..,..,-154026,..,..,..,..,-17859,..,..,..,..,-266320,..,..,..,..,-1102117,..,..,..,..,1303607,..,..,..,..,39171,..,..,..
Net migration,SM.POP.NETM,Ireland,IRL,..,..,-105837,..,..,..,..,-57278,..,..,..,..,44335,..,..,..,..,51765,..,..,..,..,-60929,..,..,..,..,-125947,..,..,..,..,-15374,..,..,..,..,84879,..,..,..,..,201467,..,..,..,..,197285,..,..,..,..,-111819,..,..,..,..,118020,..,..,..
Net migration,SM.POP.NETM,Isle of Man,IMN,..,..,..,..,..,..,..,..,..,..,..,..,..,..,..,..,..,..,..,..,..,..,..,..,..,..,..,..,..,..,..,..,..,..,..,..,..,..,..,..,..,..,..,..,..,..,..,..,..,..,..,..,..,..,..,..,..,..,..,..,..
Net migration,SM.POP.NETM,Israel,ISR,..,..,209496,..,..,..,..,72440,..,..,..,..,165879,..,..,..,..,62546,..,..,..,..,2604,..,..,..,..,65418,..,..,..,..,451557,..,..,..,..,245334,..,..,..,..,102935,..,..,..,..,273635,..,..,..,..,19497,..,..,..,..,50002,..,..,..
Net migration,SM.POP.NETM,Italy,ITA,..,..,-230527,..,..,..,..,-231781,..,..,..,..,19396,..,..,..,..,164927,..,..,..,..,264799,..,..,..,..,-10058,..,..,..,..,152825,..,..,..,..,-298237,..,..,..,..,1664343,..,..,..,..,1050948,..,..,..,..,1637369,..,..,..,..,744713,..,..,..
Net migration,SM.POP.NETM,Jamaica,JAM,..,..,-143938,..,..,..,..,-149741,..,..,..,..,-91034,..,..,..,..,-98483,..,..,..,..,-71084,..,..,..,..,-146934,..,..,..,..,-110068,..,..,..,..,-93279,..,..,..,..,-92045,..,..,..,..,-87319,..,..,..,..,-56658,..,..,..,..,-56658,..,..,..
Net migration,SM.POP.NETM,Japan,JPN,..,..,-151351,..,..,..,..,822703,..,..,..,..,714937,..,..,..,..,205006,..,..,..,..,50002,..,..,..,..,-298339,..,..,..,..,46286,..,..,..,..,-100333,..,..,..,..,164199,..,..,..,..,277580,..,..,..,..,358133,..,..,..,..,357800,..,..,..
Net migration,SM.POP.NETM,Jordan,JOR,..,..,35715,..,..,..,..,255435,..,..,..,..,-29706,..,..,..,..,-80758,..,..,..,..,81657,..,..,..,..,170602,..,..,..,..,412472,..,..,..,..,-150149,..,..,..,..,-93910,..,..,..,..,649995,..,..,..,..,1056759,..,..,..,..,51099,..,..,..
Net migration,SM.POP.NETM,Kazakhstan,KAZ,..,..,694120,..,..,..,..,173343,..,..,..,..,-128101,..,..,..,..,-435262,..,..,..,..,-433268,..,..,..,..,-674287,..,..,..,..,-1439396,..,..,..,..,-1261512,..,..,..,..,44530,..,..,..,..,-35196,..,..,..,..,159807,..,..,..,..,-90000,..,..,..
Net migration,SM.POP.NETM,Kenya,KEN,..,..,-20000,..,..,..,..,-19535,..,..,..,..,-17915,..,..,..,..,-2930,..,..,..,..,3805,..,..,..,..,5023,..,..,..,..,221569,..,..,..,..,-21386,..,..,..,..,25144,..,..,..,..,-189330,..,..,..,..,-50000,..,..,..,..,-50000,..,..,..
Net migration,SM.POP.NETM,Kiribati,KIR,..,..,-786,..,..,..,..,-917,..,..,..,..,-1120,..,..,..,..,-2342,..,..,..,..,-3011,..,..,..,..,-664,..,..,..,..,-4435,..,..,..,..,-2801,..,..,..,..,-1938,..,..,..,..,-295,..,..,..,..,-4123,..,..,..,..,-3999,..,..,..
Net migration,SM.POP.NETM,"Korea, Dem. People’s Rep.",PRK,..,..,0,..,..,..,..,0,..,..,..,..,0,..,..,..,..,0,..,..,..,..,0,..,..,..,..,0,..,..,..,..,0,..,..,..,..,-13932,..,..,..,..,-17190,..,..,..,..,-24681,..,..,..,..,-27013,..,..,..,..,-27013,..,..,..
Net migration,SM.POP.NETM,"Korea, Rep.",KOR,..,..,-69136,..,..,..,..,-81844,..,..,..,..,-209938,..,..,..,..,-165135,..,..,..,..,92892,..,..,..,..,170581,..,..,..,..,71418,..,..,..,..,159428,..,..,..,..,81223,..,..,..,..,-156546,..,..,..,..,401183,..,..,..,..,58657,..,..,..
Net migration,SM.POP.NETM,Kosovo,XKX,..,..,..,..,..,..,..,..,..,..,..,..,..,..,..,..,..,..,..,..,..,..,..,..,..,..,..,..,..,..,..,..,..,..,..,..,..,..,..,..,..,..,..,..,..,..,..,..,..,..,..,..,..,..,..,..,..,..,..,..,..
Net migration,SM.POP.NETM,Kuwait,KWT,..,..,137000,..,..,..,..,146600,..,..,..,..,95836,..,..,..,..,141100,..,..,..,..,115340,..,..,..,..,119768,..,..,..,..,-655000,..,..,..,..,242000,..,..,..,..,26500,..,..,..,..,479500,..,..,..,..,580000,..,..,..,..,197600,..,..,..
Net migration,SM.POP.NETM,Kyrgyz Republic,KGZ,..,..,103107,..,..,..,..,104185,..,..,..,..,-12065,..,..,..,..,-45839,..,..,..,..,-54162,..,..,..,..,-126883,..,..,..,..,-276249,..,..,..,..,-27268,..,..,..,..,-172911,..,..,..,..,-76604,..,..,..,..,-93353,..,..,..,..,-20000,..,..,..
Net migration,SM.POP.NETM,Lao PDR,LAO,..,..,76,..,..,..,..,30,..,..,..,..,46,..,..,..,..,-198756,..,..,..,..,-35110,..,..,..,..,138,..,..,..,..,-60567,..,..,..,..,-134746,..,..,..,..,-148100,..,..,..,..,-110258,..,..,..,..,-112313,..,..,..,..,-73518,..,..,..
Net migration,SM.POP.NETM,Latvia,LVA,..,..,79651,..,..,..,..,70780,..,..,..,..,54668,..,..,..,..,36327,..,..,..,..,30762,..,..,..,..,41910,..,..,..,..,-116474,..,..,..,..,-46601,..,..,..,..,-72490,..,..,..,..,-86594,..,..,..,..,-83325,..,..,..,..,-74186,..,..,..
Net migration,SM.POP.NETM,Lebanon,LBN,..,..,20000,..,..,..,..,-70002,..,..,..,..,-10000,..,..,..,..,-285201,..,..,..,..,-214378,..,..,..,..,-128038,..,..,..,..,390001,..,..,..,..,-29428,..,..,..,..,550110,..,..,..,..,-26882,..,..,..,..,1192354,..,..,..,..,-150060,..,..,..
Net migration,SM.POP.NETM,Lesotho,LSO,..,..,-24999,..,..,..,..,-22399,..,..,..,..,-24048,..,..,..,..,-6538,..,..,..,..,-25760,..,..,..,..,-40195,..,..,..,..,-7839,..,..,..,..,-37212,..,..,..,..,-161218,..,..,..,..,-92476,..,..,..,..,-47704,..,..,..,..,-50234,..,..,..
Net migration,SM.POP.NETM,Liberia,LBR,..,..,7996,..,..,..,..,7996,..,..,..,..,10996,..,..,..,..,11949,..,..,..,..,0,..,..,..,..,-359708,..,..,..,..,-290000,..,..,..,..,462952,..,..,..,..,-50000,..,..,..,..,175585,..,..,..,..,25000,..,..,..,..,-25000,..,..,..
Net migration,SM.POP.NETM,Libya,LBY,..,..,45891,..,..,..,..,48002,..,..,..,..,58665,..,..,..,..,57534,..,..,..,..,113380,..,..,..,..,5490,..,..,..,..,3965,..,..,..,..,-57368,..,..,..,..,-20569,..,..,..,..,-118555,..,..,..,..,-300002,..,..,..,..,-9997,..,..,..
Net migration,SM.POP.NETM,Liechtenstein,LIE,..,..,..,..,..,..,..,..,..,..,..,..,..,..,..,..,..,..,..,..,..,..,..,..,..,..,..,..,..,..,..,..,..,..,..,..,..,..,..,..,..,..,..,..,..,..,..,..,..,..,..,..,..,..,..,..,..,..,..,..,..
Net migration,SM.POP.NETM,Lithuania,LTU,..,..,24715,..,..,..,..,26314,..,..,..,..,37782,..,..,..,..,38815,..,..,..,..,43804,..,..,..,..,36863,..,..,..,..,-100301,..,..,..,..,-93925,..,..,..,..,-99104,..,..,..,..,-150930,..,..,..,..,-146217,..,..,..,..,-163902,..,..,..
Net migration,SM.POP.NETM,Luxembourg,LUX,..,..,8527,..,..,..,..,5918,..,..,..,..,15284,..,..,..,..,11846,..,..,..,..,2552,..,..,..,..,12831,..,..,..,..,20040,..,..,..,..,19940,..,..,..,..,14473,..,..,..,..,42279,..,..,..,..,48704,..,..,..,..,48704,..,..,..
Net migration,SM.POP.NETM,"Macao SAR, China",MAC,..,..,19062,..,..,..,..,33602,..,..,..,..,-10972,..,..,..,..,-10034,..,..,..,..,25146,..,..,..,..,33466,..,..,..,..,21845,..,..,..,..,27864,..,..,..,..,46284,..,..,..,..,42381,..,..,..,..,42350,..,..,..,..,25000,..,..,..
Net migration,SM.POP.NETM,Madagascar,MDG,..,..,0,..,..,..,..,-8000,..,..,..,..,-19000,..,..,..,..,-30000,..,..,..,..,-10000,..,..,..,..,-10000,..,..,..,..,-9500,..,..,..,..,-8500,..,..,..,..,-7500,..,..,..,..,-7500,..,..,..,..,-7500,..,..,..,..,-7500,..,..,..
Net migration,SM.POP.NETM,Malawi,MWI,..,..,0,..,..,..,..,0,..,..,..,..,-15002,..,..,..,..,13999,..,..,..,..,0,..,..,..,..,877076,..,..,..,..,-861893,..,..,..,..,-59163,..,..,..,..,-59163,..,..,..,..,-59163,..,..,..,..,-80263,..,..,..,..,-80263,..,..,..
Net migration,SM.POP.NETM,Malaysia,MYS,..,..,-58601,..,..,..,..,-139279,..,..,..,..,-135303,..,..,..,..,-5443,..,..,..,..,-77285,..,..,..,..,425455,..,..,..,..,292354,..,..,..,..,516689,..,..,..,..,671473,..,..,..,..,761878,..,..,..,..,249999,..,..,..,..,249999,..,..,..
Net migration,SM.POP.NETM,Maldives,MDV,..,..,-581,..,..,..,..,-2904,..,..,..,..,2415,..,..,..,..,0,..,..,..,..,0,..,..,..,..,-2605,..,..,..,..,-3072,..,..,..,..,-1100,..,..,..,..,17392,..,..,..,..,17994,..,..,..,..,58358,..,..,..,..,56851,..,..,..
Net migration,SM.POP.NETM,Mali,MLI,..,..,-70243,..,..,..,..,-98235,..,..,..,..,-95585,..,..,..,..,-174998,..,..,..,..,-218064,..,..,..,..,-493982,..,..,..,..,-173489,..,..,..,..,-141950,..,..,..,..,-67110,..,..,..,..,-100823,..,..,..,..,-302449,..,..,..,..,-200000,..,..,..
Net migration,SM.POP.NETM,Malta,MLT,..,..,-11710,..,..,..,..,-12601,..,..,..,..,-9682,..,..,..,..,-4843,..,..,..,..,2553,..,..,..,..,1159,..,..,..,..,1630,..,..,..,..,6378,..,..,..,..,5611,..,..,..,..,5737,..,..,..,..,15505,..,..,..,..,4501,..,..,..
Net migration,SM.POP.NETM,Marshall Islands,MHL,..,..,..,..,..,..,..,..,..,..,..,..,..,..,..,..,..,..,..,..,..,..,..,..,..,..,..,..,..,..,..,..,..,..,..,..,..,..,..,..,..,..,..,..,..,..,..,..,..,..,..,..,..,..,..,..,..,..,..,..,..
Net migration,SM.POP.NETM,Mauritania,MRT,..,..,-1820,..,..,..,..,-2760,..,..,..,..,-5950,..,..,..,..,-9700,..,..,..,..,-16100,..,..,..,..,-39998,..,..,..,..,-44622,..,..,..,..,-44003,..,..,..,..,-10004,..,..,..,..,10001,..,..,..,..,25002,..,..,..,..,25002,..,..,..
Net migration,SM.POP.NETM,Mauritius,MUS,..,..,-30869,..,..,..,..,-29156,..,..,..,..,-20463,..,..,..,..,-20617,..,..,..,..,-21632,..,..,..,..,-35977,..,..,..,..,-5611,..,..,..,..,-8858,..,..,..,..,-19372,..,..,..,..,-12079,..,..,..,..,-12079,..,..,..,..,0,..,..,..
Net migration,SM.POP.NETM,Mexico,MEX,..,..,-409085,..,..,..,..,-616085,..,..,..,..,-920380,..,..,..,..,-1253817,..,..,..,..,-1273198,..,..,..,..,-1835537,..,..,..,..,-2018533,..,..,..,..,-2296470,..,..,..,..,-2206114,..,..,..,..,-562404,..,..,..,..,-422477,..,..,..,..,-300000,..,..,..
Net migration,SM.POP.NETM,"Micronesia, Fed. Sts.",FSM,..,..,454,..,..,..,..,429,..,..,..,..,-7534,..,..,..,..,120,..,..,..,..,445,..,..,..,..,-1902,..,..,..,..,-1662,..,..,..,..,-12788,..,..,..,..,-12284,..,..,..,..,-12278,..,..,..,..,-2999,..,..,..,..,-2999,..,..,..
Net migration,SM.POP.NETM,Moldova,MDA,..,..,100890,..,..,..,..,74449,..,..,..,..,55824,..,..,..,..,-26414,..,..,..,..,-9185,..,..,..,..,-84531,..,..,..,..,-131953,..,..,..,..,-165309,..,..,..,..,-12079,..,..,..,..,-47911,..,..,..,..,-7020,..,..,..,..,-6935,..,..,..
Net migration,SM.POP.NETM,Monaco,MCO,..,..,..,..,..,..,..,..,..,..,..,..,..,..,..,..,..,..,..,..,..,..,..,..,..,..,..,..,..,..,..,..,..,..,..,..,..,..,..,..,..,..,..,..,..,..,..,..,..,..,..,..,..,..,..,..,..,..,..,..,..
Net migration,SM.POP.NETM,Mongolia,MNG,..,..,0,..,..,..,..,0,..,..,..,..,0,..,..,..,..,0,..,..,..,..,0,..,..,..,..,0,..,..,..,..,-88432,..,..,..,..,-52463,..,..,..,..,-15001,..,..,..,..,-10998,..,..,..,..,-4262,..,..,..,..,-4262,..,..,..
Net migration,SM.POP.NETM,Montenegro,MNE,..,..,-2001,..,..,..,..,-53773,..,..,..,..,-2001,..,..,..,..,-7401,..,..,..,..,-2001,..,..,..,..,-29965,..,..,..,..,-20249,..,..,..,..,-21588,..,..,..,..,-7999,..,..,..,..,-683,..,..,..,..,-3112,..,..,..,..,-2400,..,..,..
Net migration,SM.POP.NETM,Morocco,MAR,..,..,-239800,..,..,..,..,-474734,..,..,..,..,-508947,..,..,..,..,-309839,..,..,..,..,-320659,..,..,..,..,-430184,..,..,..,..,-466627,..,..,..,..,-532581,..,..,..,..,-654821,..,..,..,..,-565140,..,..,..,..,-367108,..,..,..,..,-257096,..,..,..
Net migration,SM.POP.NETM,Mozambique,MOZ,..,..,-23500,..,..,..,..,-23500,..,..,..,..,-23500,..,..,..,..,87373,..,..,..,..,-376378,..,..,..,..,-1336060,..,..,..,..,642368,..,..,..,..,-50000,..,..,..,..,30004,..,..,..,..,-40000,..,..,..,..,-25000,..,..,..,..,-25000,..,..,..
Net migration,SM.POP.NETM,Myanmar,MMR,..,..,0,..,..,..,..,0,..,..,..,..,0,..,..,..,..,0,..,..,..,..,-54656,..,..,..,..,-200000,..,..,..,..,-713704,..,..,..,..,-537998,..,..,..,..,-1208092,..,..,..,..,-1336928,..,..,..,..,-528211,..,..,..,..,-816564,..,..,..
Net migration,SM.POP.NETM,Namibia,NAM,..,..,0,..,..,..,..,-1078,..,..,..,..,-2696,..,..,..,..,-44298,..,..,..,..,-29069,..,..,..,..,38106,..,..,..,..,-17280,..,..,..,..,-21174,..,..,..,..,-941,..,..,..,..,8713,..,..,..,..,-37034,..,..,..,..,-24030,..,..,..
Net migration,SM.POP.NETM,Nauru,NRU,..,..,..,..,..,..,..,..,..,..,..,..,..,..,..,..,..,..,..,..,..,..,..,..,..,..,..,..,..,..,..,..,..,..,..,..,..,..,..,..,..,..,..,..,..,..,..,..,..,..,..,..,..,..,..,..,..,..,..,..,..
Net migration,SM.POP.NETM,Nepal,NPL,..,..,-70000,..,..,..,..,-21075,..,..,..,..,-5799,..,..,..,..,-41002,..,..,..,..,-101147,..,..,..,..,-216407,..,..,..,..,76064,..,..,..,..,-464703,..,..,..,..,-772525,..,..,..,..,-971580,..,..,..,..,-2040239,..,..,..,..,208549,..,..,..
Net migration,SM.POP.NETM,Netherlands,NLD,..,..,11589,..,..,..,..,54636,..,..,..,..,186745,..,..,..,..,145804,..,..,..,..,71525,..,..,..,..,139748,..,..,..,..,186409,..,..,..,..,178553,..,..,..,..,146020,..,..,..,..,65713,..,..,..,..,62687,..,..,..,..,80000,..,..,..
Net migration,SM.POP.NETM,New Caledonia,NCL,..,..,3347,..,..,..,..,1406,..,..,..,..,8190,..,..,..,..,30,..,..,..,..,-3292,..,..,..,..,-488,..,..,..,..,6328,..,..,..,..,7075,..,..,..,..,4000,..,..,..,..,1705,..,..,..,..,3003,..,..,..,..,2510,..,..,..
Net migration,SM.POP.NETM,New Zealand,NZL,..,..,54391,..,..,..,..,-2624,..,..,..,..,76678,..,..,..,..,-74794,..,..,..,..,-2908,..,..,..,..,-9418,..,..,..,..,118016,..,..,..,..,42584,..,..,..,..,134629,..,..,..,..,62413,..,..,..,..,90895,..,..,..,..,74403,..,..,..
Net migration,SM.POP.NETM,Nicaragua,NIC,..,..,-14020,..,..,..,..,-19010,..,..,..,..,-37980,..,..,..,..,-58030,..,..,..,..,-110020,..,..,..,..,-150030,..,..,..,..,-120040,..,..,..,..,-145020,..,..,..,..,-174010,..,..,..,..,-155010,..,..,..,..,-135020,..,..,..,..,-106360,..,..,..
Net migration,SM.POP.NETM,Niger,NER,..,..,-11545,..,..,..,..,-11545,..,..,..,..,-13763,..,..,..,..,-18138,..,..,..,..,-92946,..,..,..,..,-77917,..,..,..,..,-2679,..,..,..,..,-9944,..,..,..,..,-9497,..,..,..,..,-20001,..,..,..,..,18911,..,..,..,..,20001,..,..,..
Net migration,SM.POP.NETM,Nigeria,NGA,..,..,1021,..,..,..,..,-43347,..,..,..,..,-38526,..,..,..,..,820713,..,..,..,..,-677063,..,..,..,..,-91407,..,..,..,..,-95769,..,..,..,..,-95027,..,..,..,..,-170000,..,..,..,..,-300000,..,..,..,..,-300000,..,..,..,..,-300000,..,..,..
Net migration,SM.POP.NETM,North Macedonia,MKD,..,..,-40940,..,..,..,..,-28981,..,..,..,..,-61002,..,..,..,..,-14749,..,..,..,..,-72752,..,..,..,..,-98818,..,..,..,..,-100107,..,..,..,..,-4999,..,..,..,..,-14572,..,..,..,..,-7399,..,..,..,..,-8853,..,..,..,..,-4999,..,..,..
Net migration,SM.POP.NETM,Northern Mariana Islands,MNP,..,..,..,..,..,..,..,..,..,..,..,..,..,..,..,..,..,..,..,..,..,..,..,..,..,..,..,..,..,..,..,..,..,..,..,..,..,..,..,..,..,..,..,..,..,..,..,..,..,..,..,..,..,..,..,..,..,..,..,..,..
Net migration,SM.POP.NETM,Norway,NOR,..,..,-2274,..,..,..,..,4178,..,..,..,..,15870,..,..,..,..,20728,..,..,..,..,24805,..,..,..,..,38715,..,..,..,..,46903,..,..,..,..,58773,..,..,..,..,67400,..,..,..,..,163433,..,..,..,..,221814,..,..,..,..,140000,..,..,..
Net migration,SM.POP.NETM,Oman,OMN,..,..,-10000,..,..,..,..,-5000,..,..,..,..,25470,..,..,..,..,76409,..,..,..,..,81500,..,..,..,..,11169,..,..,..,..,104700,..,..,..,..,-193372,..,..,..,..,15000,..,..,..,..,267000,..,..,..,..,885782,..,..,..,..,437000,..,..,..
Net migration,SM.POP.NETM,Pakistan,PAK,..,..,-93268,..,..,..,..,-209978,..,..,..,..,-138106,..,..,..,..,672203,..,..,..,..,1387118,..,..,..,..,139790,..,..,..,..,-1023387,..,..,..,..,470909,..,..,..,..,-650182,..,..,..,..,-339805,..,..,..,..,-1079167,..,..,..,..,-1166895,..,..,..
Net migration,SM.POP.NETM,Palau,PLW,..,..,..,..,..,..,..,..,..,..,..,..,..,..,..,..,..,..,..,..,..,..,..,..,..,..,..,..,..,..,..,..,..,..,..,..,..,..,..,..,..,..,..,..,..,..,..,..,..,..,..,..,..,..,..,..,..,..,..,..,..
Net migration,SM.POP.NETM,Panama,PAN,..,..,-11928,..,..,..,..,-12692,..,..,..,..,-12288,..,..,..,..,-14077,..,..,..,..,-12704,..,..,..,..,-9395,..,..,..,..,1954,..,..,..,..,9797,..,..,..,..,16119,..,..,..,..,22244,..,..,..,..,28105,..,..,..,..,56000,..,..,..
Net migration,SM.POP.NETM,Papua New Guinea,PNG,..,..,5860,..,..,..,..,9476,..,..,..,..,-6419,..,..,..,..,-8646,..,..,..,..,10704,..,..,..,..,4723,..,..,..,..,-21116,..,..,..,..,-26081,..,..,..,..,-84417,..,..,..,..,38578,..,..,..,..,-3999,..,..,..,..,-3999,..,..,..
Net migration,SM.POP.NETM,Paraguay,PRY,..,..,-70930,..,..,..,..,-66170,..,..,..,..,-59110,..,..,..,..,-46560,..,..,..,..,-21310,..,..,..,..,-17340,..,..,..,..,-31180,..,..,..,..,-44090,..,..,..,..,-47150,..,..,..,..,-117900,..,..,..,..,-87130,..,..,..,..,-82780,..,..,..
Net migration,SM.POP.NETM,Peru,PER,..,..,-29300,..,..,..,..,-48900,..,..,..,..,-82600,..,..,..,..,-94100,..,..,..,..,-175500,..,..,..,..,-280600,..,..,..,..,-354600,..,..,..,..,-255800,..,..,..,..,-909782,..,..,..,..,-1202758,..,..,..,..,-624809,..,..,..,..,495345,..,..,..
Net migration,SM.POP.NETM,Philippines,PHL,..,..,-218063,..,..,..,..,-470430,..,..,..,..,-375090,..,..,..,..,-476561,..,..,..,..,-292444,..,..,..,..,-314676,..,..,..,..,-698877,..,..,..,..,-949346,..,..,..,..,-1244356,..,..,..,..,-1548077,..,..,..,..,-834619,..,..,..,..,-335758,..,..,..
Net migration,SM.POP.NETM,Poland,POL,..,..,-62544,..,..,..,..,-143114,..,..,..,..,-170903,..,..,..,..,-106595,..,..,..,..,-119193,..,..,..,..,-304973,..,..,..,..,-159999,..,..,..,..,-85199,..,..,..,..,-183471,..,..,..,..,-178456,..,..,..,..,-320806,..,..,..,..,-146976,..,..,..
Net migration,SM.POP.NETM,Portugal,PRT,..,..,-545329,..,..,..,..,-697165,..,..,..,..,108187,..,..,..,..,198629,..,..,..,..,-66894,..,..,..,..,-147873,..,..,..,..,149122,..,..,..,..,173604,..,..,..,..,178353,..,..,..,..,92133,..,..,..,..,-140000,..,..,..,..,-30001,..,..,..
Net migration,SM.POP.NETM,Puerto Rico,PRI,..,..,-91587,..,..,..,..,-134255,..,..,..,..,-41031,..,..,..,..,-19579,..,..,..,..,-48420,..,..,..,..,-55192,..,..,..,..,-296,..,..,..,..,-30450,..,..,..,..,-145704,..,..,..,..,-138043,..,..,..,..,-242701,..,..,..,..,-489932,..,..,..
Net migration,SM.POP.NETM,Qatar,QAT,..,..,16393,..,..,..,..,21061,..,..,..,..,34368,..,..,..,..,28387,..,..,..,..,102097,..,..,..,..,57517,..,..,..,..,-10132,..,..,..,..,29506,..,..,..,..,213916,..,..,..,..,914602,..,..,..,..,604852,..,..,..,..,200000,..,..,..
Net migration,SM.POP.NETM,Romania,ROU,..,..,-2001,..,..,..,..,-2001,..,..,..,..,-2001,..,..,..,..,-99999,..,..,..,..,-200000,..,..,..,..,-200000,..,..,..,..,-520001,..,..,..,..,-580778,..,..,..,..,-468204,..,..,..,..,-774651,..,..,..,..,-300001,..,..,..,..,-369997,..,..,..
Net migration,SM.POP.NETM,Russian Federation,RUS,..,..,-1387844,..,..,..,..,-549722,..,..,..,..,-296861,..,..,..,..,614394,..,..,..,..,1100559,..,..,..,..,890253,..,..,..,..,2490121,..,..,..,..,2374657,..,..,..,..,1778101,..,..,..,..,2326672,..,..,..,..,1800600,..,..,..,..,912279,..,..,..
Net migration,SM.POP.NETM,Rwanda,RWA,..,..,-140001,..,..,..,..,20000,..,..,..,..,-20000,..,..,..,..,-20000,..,..,..,..,-50002,..,..,..,..,29999,..,..,..,..,-1374270,..,..,..,..,1244966,..,..,..,..,-72601,..,..,..,..,-79767,..,..,..,..,-108094,..,..,..,..,-44998,..,..,..
Net migration,SM.POP.NETM,Samoa,WSM,..,..,-3402,..,..,..,..,-6803,..,..,..,..,-14914,..,..,..,..,-18979,..,..,..,..,-18695,..,..,..,..,-19526,..,..,..,..,-13998,..,..,..,..,-17141,..,..,..,..,-15641,..,..,..,..,-15085,..,..,..,..,-12189,..,..,..,..,-14013,..,..,..
Net migration,SM.POP.NETM,San Marino,SMR,..,..,..,..,..,..,..,..,..,..,..,..,..,..,..,..,..,..,..,..,..,..,..,..,..,..,..,..,..,..,..,..,..,..,..,..,..,..,..,..,..,..,..,..,..,..,..,..,..,..,..,..,..,..,..,..,..,..,..,..,..
Net migration,SM.POP.NETM,Sao Tome and Principe,STP,..,..,-9152,..,..,..,..,-744,..,..,..,..,-2509,..,..,..,..,-1221,..,..,..,..,-5999,..,..,..,..,-2190,..,..,..,..,-5599,..,..,..,..,-9551,..,..,..,..,-8400,..,..,..,..,-3391,..,..,..,..,-8400,..,..,..,..,-8401,..,..,..
Net migration,SM.POP.NETM,Saudi Arabia,SAU,..,..,125989,..,..,..,..,187007,..,..,..,..,483318,..,..,..,..,788719,..,..,..,..,1383529,..,..,..,..,716825,..,..,..,..,-110000,..,..,..,..,-350000,..,..,..,..,747996,..,..,..,..,1073093,..,..,..,..,1722804,..,..,..,..,674895,..,..,..
Net migration,SM.POP.NETM,Senegal,SEN,..,..,50002,..,..,..,..,86522,..,..,..,..,65586,..,..,..,..,-134783,..,..,..,..,-85108,..,..,..,..,-60291,..,..,..,..,-77004,..,..,..,..,-227553,..,..,..,..,-202487,..,..,..,..,-218014,..,..,..,..,-214002,..,..,..,..,-100001,..,..,..
Net migration,SM.POP.NETM,Serbia,SRB,..,..,-88140,..,..,..,..,-89744,..,..,..,..,-20651,..,..,..,..,7680,..,..,..,..,-10360,..,..,..,..,-27488,..,..,..,..,178348,..,..,..,..,-495902,..,..,..,..,-276331,..,..,..,..,-119556,..,..,..,..,29559,..,..,..,..,20000,..,..,..
Net migration,SM.POP.NETM,Seychelles,SYC,..,..,-984,..,..,..,..,-1110,..,..,..,..,168,..,..,..,..,-299,..,..,..,..,-3186,..,..,..,..,-5196,..,..,..,..,503,..,..,..,..,-255,..,..,..,..,2634,..,..,..,..,-2725,..,..,..,..,-1000,..,..,..,..,-1000,..,..,..
Net migration,SM.POP.NETM,Sierra Leone,SLE,..,..,0,..,..,..,..,0,..,..,..,..,0,..,..,..,..,0,..,..,..,..,0,..,..,..,..,62745,..,..,..,..,-450000,..,..,..,..,-150000,..,..,..,..,500000,..,..,..,..,60000,..,..,..,..,-21000,..,..,..,..,-21000,..,..,..
Net migration,SM.POP.NETM,Singapore,SGP,..,..,428,..,..,..,..,-365,..,..,..,..,5881,..,..,..,..,14273,..,..,..,..,137812,..,..,..,..,119802,..,..,..,..,297845,..,..,..,..,321578,..,..,..,..,92772,..,..,..,..,721338,..,..,..,..,317028,..,..,..,..,135142,..,..,..
Net migration,SM.POP.NETM,Sint Maarten (Dutch part),SXM,..,..,..,..,..,..,..,..,..,..,..,..,..,..,..,..,..,..,..,..,..,..,..,..,..,..,..,..,..,..,..,..,..,..,..,..,..,..,..,..,..,..,..,..,..,..,..,..,..,..,..,..,..,..,..,..,..,..,..,..,..
Net migration,SM.POP.NETM,Slovak Republic,SVK,..,..,-26427,..,..,..,..,-57838,..,..,..,..,-15254,..,..,..,..,-9696,..,..,..,..,-34777,..,..,..,..,-35312,..,..,..,..,-15108,..,..,..,..,-2964,..,..,..,..,1199,..,..,..,..,-8855,..,..,..,..,11346,..,..,..,..,7423,..,..,..
Net migration,SM.POP.NETM,Slovenia,SVN,..,..,-22059,..,..,..,..,-14950,..,..,..,..,17942,..,..,..,..,34686,..,..,..,..,68363,..,..,..,..,32609,..,..,..,..,-17461,..,..,..,..,1487,..,..,..,..,14998,..,..,..,..,39348,..,..,..,..,16571,..,..,..,..,9999,..,..,..
Net migration,SM.POP.NETM,Solomon Islands,SLB,..,..,2359,..,..,..,..,1461,..,..,..,..,431,..,..,..,..,-2416,..,..,..,..,-3420,..,..,..,..,-8504,..,..,..,..,-6682,..,..,..,..,-5285,..,..,..,..,-8445,..,..,..,..,-14256,..,..,..,..,-7998,..,..,..,..,-7998,..,..,..
Net migration,SM.POP.NETM,Somalia,SOM,..,..,-1328,..,..,..,..,1910,..,..,..,..,0,..,..,..,..,1796103,..,..,..,..,-454532,..,..,..,..,-410787,..,..,..,..,-822004,..,..,..,..,0,..,..,..,..,0,..,..,..,..,-199997,..,..,..,..,-233405,..,..,..,..,-200002,..,..,..
Net migration,SM.POP.NETM,South Africa,ZAF,..,..,106550,..,..,..,..,199359,..,..,..,..,222659,..,..,..,..,73316,..,..,..,..,180998,..,..,..,..,-118001,..,..,..,..,852860,..,..,..,..,639902,..,..,..,..,788982,..,..,..,..,862221,..,..,..,..,919697,..,..,..,..,727026,..,..,..
Net migration,SM.POP.NETM,South Sudan,SSD,..,..,0,..,..,..,..,0,..,..,..,..,25000,..,..,..,..,60000,..,..,..,..,150000,..,..,..,..,-416233,..,..,..,..,-1097076,..,..,..,..,300000,..,..,..,..,432000,..,..,..,..,846611,..,..,..,..,-100000,..,..,..,..,-870998,..,..,..
Net migration,SM.POP.NETM,Spain,ESP,..,..,-193807,..,..,..,..,-145936,..,..,..,..,96990,..,..,..,..,76903,..,..,..,..,-43292,..,..,..,..,-67680,..,..,..,..,319270,..,..,..,..,931072,..,..,..,..,2908209,..,..,..,..,2273848,..,..,..,..,-520442,..,..,..,..,200000,..,..,..
Net migration,SM.POP.NETM,Sri Lanka,LKA,..,..,-47500,..,..,..,..,-38500,..,..,..,..,-145000,..,..,..,..,-237500,..,..,..,..,-398693,..,..,..,..,-137440,..,..,..,..,-255780,..,..,..,..,-461684,..,..,..,..,-449480,..,..,..,..,-520065,..,..,..,..,-484772,..,..,..,..,-489932,..,..,..
Net migration,SM.POP.NETM,St. Kitts and Nevis,KNA,..,..,..,..,..,..,..,..,..,..,..,..,..,..,..,..,..,..,..,..,..,..,..,..,..,..,..,..,..,..,..,..,..,..,..,..,..,..,..,..,..,..,..,..,..,..,..,..,..,..,..,..,..,..,..,..,..,..,..,..,..
Net migration,SM.POP.NETM,St. Lucia,LCA,..,..,-9187,..,..,..,..,-7795,..,..,..,..,-9703,..,..,..,..,-8971,..,..,..,..,-8009,..,..,..,..,-4285,..,..,..,..,-5031,..,..,..,..,-1541,..,..,..,..,-804,..,..,..,..,4360,..,..,..,..,0,..,..,..,..,0,..,..,..
Net migration,SM.POP.NETM,St. Martin (French part),MAF,..,..,..,..,..,..,..,..,..,..,..,..,..,..,..,..,..,..,..,..,..,..,..,..,..,..,..,..,..,..,..,..,..,..,..,..,..,..,..,..,..,..,..,..,..,..,..,..,..,..,..,..,..,..,..,..,..,..,..,..,..
Net migration,SM.POP.NETM,St. Vincent and the Grenadines,VCT,..,..,-9356,..,..,..,..,-9706,..,..,..,..,-8448,..,..,..,..,-7246,..,..,..,..,-7350,..,..,..,..,-7183,..,..,..,..,-8721,..,..,..,..,-7971,..,..,..,..,-5298,..,..,..,..,-5696,..,..,..,..,-2934,..,..,..,..,-1000,..,..,..
Net migration,SM.POP.NETM,Sudan,SDN,..,..,0,..,..,..,..,0,..,..,..,..,20002,..,..,..,..,180000,..,..,..,..,219998,..,..,..,..,150000,..,..,..,..,645810,..,..,..,..,-602679,..,..,..,..,-546005,..,..,..,..,-982687,..,..,..,..,-538145,..,..,..,..,-250001,..,..,..
Net migration,SM.POP.NETM,Suriname,SUR,..,..,-11050,..,..,..,..,-13862,..,..,..,..,-56820,..,..,..,..,-40352,..,..,..,..,-31771,..,..,..,..,-4845,..,..,..,..,-5195,..,..,..,..,-10189,..,..,..,..,-9124,..,..,..,..,-6485,..,..,..,..,-5000,..,..,..,..,-4999,..,..,..
Net migration,SM.POP.NETM,Sweden,SWE,..,..,80351,..,..,..,..,130980,..,..,..,..,18798,..,..,..,..,88567,..,..,..,..,29799,..,..,..,..,134569,..,..,..,..,156460,..,..,..,..,58470,..,..,..,..,141723,..,..,..,..,262453,..,..,..,..,253958,..,..,..,..,200000,..,..,..
Net migration,SM.POP.NETM,Switzerland,CHE,..,..,277152,..,..,..,..,92978,..,..,..,..,25185,..,..,..,..,-135365,..,..,..,..,81040,..,..,..,..,130857,..,..,..,..,247406,..,..,..,..,65218,..,..,..,..,186125,..,..,..,..,344872,..,..,..,..,397267,..,..,..,..,259999,..,..,..
Net migration,SM.POP.NETM,Syrian Arab Republic,SYR,..,..,-16000,..,..,..,..,-16000,..,..,..,..,-81501,..,..,..,..,-161672,..,..,..,..,-87001,..,..,..,..,-146501,..,..,..,..,-70000,..,..,..,..,-130000,..,..,..,..,-379910,..,..,..,..,370000,..,..,..,..,-5386986,..,..,..,..,-2136954,..,..,..
Net migration,SM.POP.NETM,Tajikistan,TJK,..,..,53337,..,..,..,..,65780,..,..,..,..,28033,..,..,..,..,22800,..,..,..,..,12417,..,..,..,..,-31508,..,..,..,..,-232301,..,..,..,..,-237255,..,..,..,..,-144939,..,..,..,..,-145788,..,..,..,..,-136974,..,..,..,..,-99999,..,..,..
Net migration,SM.POP.NETM,Tanzania,TZA,..,..,25040,..,..,..,..,36058,..,..,..,..,120202,..,..,..,..,-25040,..,..,..,..,35062,..,..,..,..,68117,..,..,..,..,584095,..,..,..,..,-400706,..,..,..,..,-300523,..,..,..,..,-500853,..,..,..,..,-250435,..,..,..,..,-200381,..,..,..
Net migration,SM.POP.NETM,Thailand,THA,..,..,0,..,..,..,..,0,..,..,..,..,395572,..,..,..,..,287226,..,..,..,..,339923,..,..,..,..,504404,..,..,..,..,-607538,..,..,..,..,715832,..,..,..,..,373746,..,..,..,..,59008,..,..,..,..,167314,..,..,..,..,97222,..,..,..
Net migration,SM.POP.NETM,Timor-Leste,TLS,..,..,0,..,..,..,..,0,..,..,..,..,0,..,..,..,..,-51400,..,..,..,..,0,..,..,..,..,0,..,..,..,..,0,..,..,..,..,-81574,..,..,..,..,-27870,..,..,..,..,-38074,..,..,..,..,-28030,..,..,..,..,-26924,..,..,..
Net migration,SM.POP.NETM,Togo,TGO,..,..,-77885,..,..,..,..,138923,..,..,..,..,-49999,..,..,..,..,-100000,..,..,..,..,50001,..,..,..,..,-20000,..,..,..,..,-116499,..,..,..,..,80000,..,..,..,..,-33000,..,..,..,..,-10598,..,..,..,..,-9994,..,..,..,..,-9999,..,..,..
Net migration,SM.POP.NETM,Tonga,TON,..,..,424,..,..,..,..,-2881,..,..,..,..,-7485,..,..,..,..,-7815,..,..,..,..,-12375,..,..,..,..,-10786,..,..,..,..,-10980,..,..,..,..,-8435,..,..,..,..,-7835,..,..,..,..,-7761,..,..,..,..,-12992,..,..,..,..,-3999,..,..,..
Net migration,SM.POP.NETM,Trinidad and Tobago,TTO,..,..,-56797,..,..,..,..,-61309,..,..,..,..,-28896,..,..,..,..,-29937,..,..,..,..,-33669,..,..,..,..,-45387,..,..,..,..,-32813,..,..,..,..,-34262,..,..,..,..,-17490,..,..,..,..,-18605,..,..,..,..,-3999,..,..,..,..,-3999,..,..,..
Net migration,SM.POP.NETM,Tunisia,TUN,..,..,-142495,..,..,..,..,-96523,..,..,..,..,-97065,..,..,..,..,-72068,..,..,..,..,85582,..,..,..,..,48999,..,..,..,..,140341,..,..,..,..,-39804,..,..,..,..,-143045,..,..,..,..,-40641,..,..,..,..,-150000,..,..,..,..,-20000,..,..,..
Net migration,SM.POP.NETM,Turkey,TUR,..,..,-149999,..,..,..,..,-180001,..,..,..,..,-240000,..,..,..,..,-259998,..,..,..,..,-70001,..,..,..,..,-100001,..,..,..,..,-120000,..,..,..,..,-99999,..,..,..,..,-39998,..,..,..,..,-50000,..,..,..,..,1763078,..,..,..,..,1419610,..,..,..
Net migration,SM.POP.NETM,Turkmenistan,TKM,..,..,26783,..,..,..,..,28147,..,..,..,..,25346,..,..,..,..,-5070,..,..,..,..,-35795,..,..,..,..,-39702,..,..,..,..,43633,..,..,..,..,-64674,..,..,..,..,-125883,..,..,..,..,-62717,..,..,..,..,-50002,..,..,..,..,-25001,..,..,..
Net migration,SM.POP.NETM,Turks and Caicos Islands,TCA,..,..,..,..,..,..,..,..,..,..,..,..,..,..,..,..,..,..,..,..,..,..,..,..,..,..,..,..,..,..,..,..,..,..,..,..,..,..,..,..,..,..,..,..,..,..,..,..,..,..,..,..,..,..,..,..,..,..,..,..,..
Net migration,SM.POP.NETM,Tuvalu,TUV,..,..,..,..,..,..,..,..,..,..,..,..,..,..,..,..,..,..,..,..,..,..,..,..,..,..,..,..,..,..,..,..,..,..,..,..,..,..,..,..,..,..,..,..,..,..,..,..,..,..,..,..,..,..,..,..,..,..,..,..,..
Net migration,SM.POP.NETM,Uganda,UGA,..,..,124999,..,..,..,..,50004,..,..,..,..,-276112,..,..,..,..,-179999,..,..,..,..,-120001,..,..,..,..,200002,..,..,..,..,109998,..,..,..,..,-180002,..,..,..,..,-250002,..,..,..,..,-500000,..,..,..,..,-299994,..,..,..,..,843469,..,..,..
Net migration,SM.POP.NETM,Ukraine,UKR,..,..,455769,..,..,..,..,268767,..,..,..,..,206203,..,..,..,..,104383,..,..,..,..,189092,..,..,..,..,0,..,..,..,..,74421,..,..,..,..,-462264,..,..,..,..,-165445,..,..,..,..,269541,..,..,..,..,132154,..,..,..,..,50001,..,..,..
Net migration,SM.POP.NETM,United Arab Emirates,ARE,..,..,37882,..,..,..,..,53823,..,..,..,..,260488,..,..,..,..,372430,..,..,..,..,184159,..,..,..,..,256638,..,..,..,..,368126,..,..,..,..,498394,..,..,..,..,1189616,..,..,..,..,3592436,..,..,..,..,270000,..,..,..,..,200000,..,..,..
Net migration,SM.POP.NETM,United Kingdom,GBR,..,..,143068,..,..,..,..,-84853,..,..,..,..,106415,..,..,..,..,39119,..,..,..,..,-97495,..,..,..,..,98758,..,..,..,..,205443,..,..,..,..,513361,..,..,..,..,992223,..,..,..,..,2189404,..,..,..,..,1300231,..,..,..,..,1303250,..,..,..
Net migration,SM.POP.NETM,United States,USA,..,..,1835728,..,..,..,..,1556054,..,..,..,..,2889346,..,..,..,..,3770881,..,..,..,..,3382460,..,..,..,..,3366853,..,..,..,..,4463754,..,..,..,..,8859954,..,..,..,..,5334893,..,..,..,..,5428756,..,..,..,..,4961716,..,..,..,..,4774029,..,..,..
Net migration,SM.POP.NETM,Uruguay,URY,..,..,-6000,..,..,..,..,-34000,..,..,..,..,-136000,..,..,..,..,-60000,..,..,..,..,-30000,..,..,..,..,-30000,..,..,..,..,-20000,..,..,..,..,-26000,..,..,..,..,-104000,..,..,..,..,-50000,..,..,..,..,-30000,..,..,..,..,-15000,..,..,..
Net migration,SM.POP.NETM,Uzbekistan,UZB,..,..,161627,..,..,..,..,446173,..,..,..,..,70667,..,..,..,..,72079,..,..,..,..,-185170,..,..,..,..,-356031,..,..,..,..,-322777,..,..,..,..,-242636,..,..,..,..,-242297,..,..,..,..,-140130,..,..,..,..,-66469,..,..,..,..,-44314,..,..,..
Net migration,SM.POP.NETM,Vanuatu,VUT,..,..,-652,..,..,..,..,-1213,..,..,..,..,776,..,..,..,..,-435,..,..,..,..,-4003,..,..,..,..,-3616,..,..,..,..,-948,..,..,..,..,-7385,..,..,..,..,-2574,..,..,..,..,-3275,..,..,..,..,1785,..,..,..,..,600,..,..,..
Net migration,SM.POP.NETM,"Venezuela, RB",VEN,..,..,18870,..,..,..,..,3160,..,..,..,..,940,..,..,..,..,1120,..,..,..,..,1380,..,..,..,..,920,..,..,..,..,-2270,..,..,..,..,-4540,..,..,..,..,-22740,..,..,..,..,-200220,..,..,..,..,-431040,..,..,..,..,-3266243,..,..,..
Net migration,SM.POP.NETM,Vietnam,VNM,..,..,0,..,..,..,..,0,..,..,..,..,0,..,..,..,..,-858895,..,..,..,..,-327564,..,..,..,..,-332327,..,..,..,..,-394236,..,..,..,..,-216001,..,..,..,..,-650999,..,..,..,..,-799969,..,..,..,..,-399999,..,..,..,..,-399999,..,..,..
Net migration,SM.POP.NETM,Virgin Islands (U.S.),VIR,..,..,10270,..,..,..,..,3245,..,..,..,..,9407,..,..,..,..,1961,..,..,..,..,-3492,..,..,..,..,-11156,..,..,..,..,-4618,..,..,..,..,-3936,..,..,..,..,-5272,..,..,..,..,-6267,..,..,..,..,-4501,..,..,..,..,-2254,..,..,..
Net migration,SM.POP.NETM,West Bank and Gaza,PSE,..,..,-77646,..,..,..,..,-281841,..,..,..,..,-32255,..,..,..,..,-83697,..,..,..,..,-61453,..,..,..,..,-39345,..,..,..,..,35005,..,..,..,..,69998,..,..,..,..,-190001,..,..,..,..,-103670,..,..,..,..,-157065,..,..,..,..,-52816,..,..,..
Net migration,SM.POP.NETM,"Yemen, Rep.",YEM,..,..,-100000,..,..,..,..,-245662,..,..,..,..,-360993,..,..,..,..,-75000,..,..,..,..,-50000,..,..,..,..,-50000,..,..,..,..,607781,..,..,..,..,-100000,..,..,..,..,-112150,..,..,..,..,-65768,..,..,..,..,-75010,..,..,..,..,-150000,..,..,..
Net migration,SM.POP.NETM,Zambia,ZMB,..,..,-35328,..,..,..,..,-22042,..,..,..,..,-20000,..,..,..,..,-25000,..,..,..,..,10000,..,..,..,..,-75000,..,..,..,..,-150000,..,..,..,..,20000,..,..,..,..,-150000,..,..,..,..,-175000,..,..,..,..,-50000,..,..,..,..,-40000,..,..,..
Net migration,SM.POP.NETM,Zimbabwe,ZWE,..,..,-15009,..,..,..,..,-42001,..,..,..,..,-45547,..,..,..,..,-152283,..,..,..,..,99068,..,..,..,..,84354,..,..,..,..,-298236,..,..,..,..,-524671,..,..,..,..,-697817,..,..,..,..,-512676,..,..,..,..,-622997,..,..,..,..,-584288,..,..,..
Net migration,SM.POP.NETM,Arab World,ARB,..,..,-499808,..,..,..,..,-835129,..,..,..,..,-920852,..,..,..,..,1644984,..,..,..,..,497963,..,..,..,..,-562598,..,..,..,..,-255813,..,..,..,..,-1739489,..,..,..,..,183214,..,..,..,..,3760036,..,..,..,..,47229,..,..,..,..,-1408824,..,..,..
Net migration,SM.POP.NETM,Caribbean small states,CSS,..,..,-262832,..,..,..,..,-298610,..,..,..,..,-284690,..,..,..,..,-271073,..,..,..,..,-266114,..,..,..,..,-341887,..,..,..,..,-236400,..,..,..,..,-230119,..,..,..,..,-176783,..,..,..,..,-142453,..,..,..,..,-91451,..,..,..,..,-87055,..,..,..
Net migration,SM.POP.NETM,Central Europe and the Baltics,CEB,..,..,81694,..,..,..,..,-200621,..,..,..,..,-123404,..,..,..,..,-129100,..,..,..,..,-321864,..,..,..,..,-657287,..,..,..,..,-1411284,..,..,..,..,-1006566,..,..,..,..,-804567,..,..,..,..,-993491,..,..,..,..,-805917,..,..,..,..,-642033,..,..,..
Net migration,SM.POP.NETM,Early-demographic dividend,EAR,..,..,-857830,..,..,..,..,-1886452,..,..,..,..,-3317858,..,..,..,..,-4952237,..,..,..,..,1692818,..,..,..,..,-1530147,..,..,..,..,-7479045,..,..,..,..,-7535702,..,..,..,..,-14255662,..,..,..,..,-13971996,..,..,..,..,-14257384,..,..,..,..,-11460012,..,..,..
Net migration,SM.POP.NETM,East Asia & Pacific,EAS,..,..,-480262,..,..,..,..,1538131,..,..,..,..,18646,..,..,..,..,-722799,..,..,..,..,556267,..,..,..,..,701831,..,..,..,..,-1848218,..,..,..,..,1532,..,..,..,..,-4235381,..,..,..,..,-4415849,..,..,..,..,-1337907,..,..,..,..,-2057249,..,..,..
Net migration,SM.POP.NETM,East Asia & Pacific (excluding high income),EAP,..,..,-951548,..,..,..,..,-476764,..,..,..,..,-888388,..,..,..,..,-1119832,..,..,..,..,-303942,..,..,..,..,-272668,..,..,..,..,-2770604,..,..,..,..,-974322,..,..,..,..,-5608510,..,..,..,..,-6894219,..,..,..,..,-3768254,..,..,..,..,-3791004,..,..,..
Net migration,SM.POP.NETM,East Asia & Pacific (IDA & IBRD countries),TEA,..,..,-951548,..,..,..,..,-476764,..,..,..,..,-888388,..,..,..,..,-1119832,..,..,..,..,-303942,..,..,..,..,-272668,..,..,..,..,-2770604,..,..,..,..,-960390,..,..,..,..,-5591320,..,..,..,..,-6869538,..,..,..,..,-3741241,..,..,..,..,-3763991,..,..,..
Net migration,SM.POP.NETM,Euro area,EMU,..,..,808797,..,..,..,..,148964,..,..,..,..,2037462,..,..,..,..,1608797,..,..,..,..,731227,..,..,..,..,2221744,..,..,..,..,4087715,..,..,..,..,2351361,..,..,..,..,7296329,..,..,..,..,4188448,..,..,..,..,3610240,..,..,..,..,4446572,..,..,..
Net migration,SM.POP.NETM,Europe & Central Asia,ECS,..,..,1223688,..,..,..,..,437456,..,..,..,..,1533438,..,..,..,..,1241642,..,..,..,..,571631,..,..,..,..,804777,..,..,..,..,1451064,..,..,..,..,274507,..,..,..,..,8256870,..,..,..,..,7925495,..,..,..,..,8361520,..,..,..,..,7894029,..,..,..
Net migration,SM.POP.NETM,Europe & Central Asia (excluding high income),ECA,..,..,-83597,..,..,..,..,369327,..,..,..,..,-500692,..,..,..,..,-232895,..,..,..,..,223419,..,..,..,..,-1293566,..,..,..,..,-2663215,..,..,..,..,-2114635,..,..,..,..,73186,..,..,..,..,1364223,..,..,..,..,3054571,..,..,..,..,1880978,..,..,..
Net migration,SM.POP.NETM,Europe & Central Asia (IDA & IBRD countries),TEC,..,..,-146288,..,..,..,..,222987,..,..,..,..,-691999,..,..,..,..,-420808,..,..,..,..,-41405,..,..,..,..,-1772394,..,..,..,..,-3486794,..,..,..,..,-2968741,..,..,..,..,-581069,..,..,..,..,400617,..,..,..,..,2395271,..,..,..,..,1324001,..,..,..
Net migration,SM.POP.NETM,European Union,EUU,..,..,873990,..,..,..,..,35679,..,..,..,..,1830393,..,..,..,..,1452547,..,..,..,..,314429,..,..,..,..,1640298,..,..,..,..,3259577,..,..,..,..,1621033,..,..,..,..,6853594,..,..,..,..,3767581,..,..,..,..,3377263,..,..,..,..,4281648,..,..,..
Net migration,SM.POP.NETM,Fragile and conflict affected situations,FCS,..,..,-403734,..,..,..,..,-828283,..,..,..,..,-1224205,..,..,..,..,4915,..,..,..,..,-6325349,..,..,..,..,-6220616,..,..,..,..,1933706,..,..,..,..,-4376293,..,..,..,..,-2415321,..,..,..,..,-5313288,..,..,..,..,-7098642,..,..,..,..,-10049206,..,..,..
Net migration,SM.POP.NETM,Heavily indebted poor countries (HIPC),HPC,..,..,-243146,..,..,..,..,-137303,..,..,..,..,-1026521,..,..,..,..,-2923589,..,..,..,..,-5279936,..,..,..,..,-2910055,..,..,..,..,2469854,..,..,..,..,-3368158,..,..,..,..,-1747428,..,..,..,..,-4868903,..,..,..,..,-2882169,..,..,..,..,-1462971,..,..,..
Net migration,SM.POP.NETM,High income,HIC,..,..,3941008,..,..,..,..,4229964,..,..,..,..,7251511,..,..,..,..,7260230,..,..,..,..,6510855,..,..,..,..,8249599,..,..,..,..,10289281,..,..,..,..,13436955,..,..,..,..,18179172,..,..,..,..,22605622,..,..,..,..,17992038,..,..,..,..,15844525,..,..,..
Net migration,SM.POP.NETM,IBRD only,IBD,..,..,-3572773,..,..,..,..,-3639834,..,..,..,..,-2657570,..,..,..,..,-4274006,..,..,..,..,-953415,..,..,..,..,-4254770,..,..,..,..,-9685437,..,..,..,..,-8630309,..,..,..,..,-10812375,..,..,..,..,-11595016,..,..,..,..,-2178391,..,..,..,..,-6056175,..,..,..
Net migration,SM.POP.NETM,IDA & IBRD total,IBT,..,..,-3963584,..,..,..,..,-4173652,..,..,..,..,-7497326,..,..,..,..,-7486372,..,..,..,..,-6728516,..,..,..,..,-8916507,..,..,..,..,-11085383,..,..,..,..,-14297599,..,..,..,..,-18637281,..,..,..,..,-23109254,..,..,..,..,-18168999,..,..,..,..,-15664439,..,..,..
Net migration,SM.POP.NETM,IDA blend,IDB,..,..,7616,..,..,..,..,102544,..,..,..,..,-258308,..,..,..,..,1262694,..,..,..,..,575125,..,..,..,..,-352458,..,..,..,..,-1623327,..,..,..,..,-576770,..,..,..,..,-1928024,..,..,..,..,-1483560,..,..,..,..,-2310575,..,..,..,..,-2260137,..,..,..
Net migration,SM.POP.NETM,IDA only,IDX,..,..,-398427,..,..,..,..,-636362,..,..,..,..,-4581448,..,..,..,..,-4475060,..,..,..,..,-6350226,..,..,..,..,-4309279,..,..,..,..,223381,..,..,..,..,-5090520,..,..,..,..,-5896882,..,..,..,..,-10030678,..,..,..,..,-13680033,..,..,..,..,-7348127,..,..,..
Net migration,SM.POP.NETM,IDA total,IDA,..,..,-390811,..,..,..,..,-533818,..,..,..,..,-4839756,..,..,..,..,-3212366,..,..,..,..,-5775101,..,..,..,..,-4661737,..,..,..,..,-1399946,..,..,..,..,-5667290,..,..,..,..,-7824906,..,..,..,..,-11514238,..,..,..,..,-15990608,..,..,..,..,-9608264,..,..,..
Net migration,SM.POP.NETM,Late-demographic dividend,LTE,..,..,-2767349,..,..,..,..,-2127314,..,..,..,..,-2654279,..,..,..,..,-1908587,..,..,..,..,-1538143,..,..,..,..,-1940531,..,..,..,..,-4275005,..,..,..,..,-1735738,..,..,..,..,-1088551,..,..,..,..,2231391,..,..,..,..,1351680,..,..,..,..,-379189,..,..,..
Net migration,SM.POP.NETM,Latin America & Caribbean,LCN,..,..,-1594811,..,..,..,..,-2147249,..,..,..,..,-2614761,..,..,..,..,-3479274,..,..,..,..,-3493972,..,..,..,..,-4016511,..,..,..,..,-4288871,..,..,..,..,-4671401,..,..,..,..,-5318859,..,..,..,..,-3784759,..,..,..,..,-2796189,..,..,..,..,-2606469,..,..,..
Net migration,SM.POP.NETM,Latin America & Caribbean (excluding high income),LAC,..,..,-1273827,..,..,..,..,-1701987,..,..,..,..,-2223153,..,..,..,..,-3183626,..,..,..,..,-3189809,..,..,..,..,-3766978,..,..,..,..,-4235925,..,..,..,..,-4591564,..,..,..,..,-5113976,..,..,..,..,-3732353,..,..,..,..,-2720438,..,..,..,..,-2718002,..,..,..
Net migration,SM.POP.NETM,Latin America & the Caribbean (IDA & IBRD countries),TLA,..,..,-1293289,..,..,..,..,-1759267,..,..,..,..,-2378615,..,..,..,..,-3280368,..,..,..,..,-3154465,..,..,..,..,-3853301,..,..,..,..,-4160937,..,..,..,..,-4487381,..,..,..,..,-5031136,..,..,..,..,-3429658,..,..,..,..,-2481659,..,..,..,..,-2050462,..,..,..
Net migration,SM.POP.NETM,Least developed countries: UN classification,LDC,..,..,-1005498,..,..,..,..,-1203458,..,..,..,..,-4400298,..,..,..,..,-3897388,..,..,..,..,-6102508,..,..,..,..,-3733535,..,..,..,..,871361,..,..,..,..,-4294643,..,..,..,..,-4393268,..,..,..,..,-9561841,..,..,..,..,-7624642,..,..,..,..,-4861511,..,..,..
Net migration,SM.POP.NETM,Low & middle income,LMY,..,..,-3927224,..,..,..,..,-4221607,..,..,..,..,-7162517,..,..,..,..,-7264498,..,..,..,..,-6535671,..,..,..,..,-8349528,..,..,..,..,-10296679,..,..,..,..,-13482497,..,..,..,..,-18256319,..,..,..,..,-22561890,..,..,..,..,-17919477,..,..,..,..,-15853831,..,..,..
Net migration,SM.POP.NETM,Low income,LIC,..,..,-454020,..,..,..,..,-214831,..,..,..,..,-1625547,..,..,..,..,-2606900,..,..,..,..,-5234756,..,..,..,..,-3302410,..,..,..,..,1280175,..,..,..,..,-2571989,..,..,..,..,-678717,..,..,..,..,-2632479,..,..,..,..,-7574410,..,..,..,..,-4052273,..,..,..
Net migration,SM.POP.NETM,Lower middle income,LMC,..,..,-827911,..,..,..,..,-2603730,..,..,..,..,-2626935,..,..,..,..,-2158820,..,..,..,..,-1493460,..,..,..,..,-2814621,..,..,..,..,-5667870,..,..,..,..,-7028307,..,..,..,..,-12896960,..,..,..,..,-15520933,..,..,..,..,-13606015,..,..,..,..,-10239143,..,..,..
Net migration,SM.POP.NETM,Middle East & North Africa,MEA,..,..,-298221,..,..,..,..,-717185,..,..,..,..,-695574,..,..,..,..,129603,..,..,..,..,2765924,..,..,..,..,1306492,..,..,..,..,-477233,..,..,..,..,-1053445,..,..,..,..,809325,..,..,..,..,4645191,..,..,..,..,336434,..,..,..,..,-1194318,..,..,..
Net migration,SM.POP.NETM,Middle East & North Africa (excluding high income),MNA,..,..,-799076,..,..,..,..,-1172482,..,..,..,..,-1770374,..,..,..,..,-1384107,..,..,..,..,890908,..,..,..,..,65099,..,..,..,..,-633594,..,..,..,..,-1570865,..,..,..,..,-1647749,..,..,..,..,-2232812,..,..,..,..,-3804006,..,..,..,..,-3197316,..,..,..
Net migration,SM.POP.NETM,Middle East & North Africa (IDA & IBRD countries),TMN,..,..,-721430,..,..,..,..,-890641,..,..,..,..,-1738119,..,..,..,..,-1300410,..,..,..,..,952361,..,..,..,..,104444,..,..,..,..,-668599,..,..,..,..,-1640863,..,..,..,..,-1457748,..,..,..,..,-2129142,..,..,..,..,-3646941,..,..,..,..,-3144500,..,..,..
Net migration,SM.POP.NETM,Middle income,MIC,..,..,-3473204,..,..,..,..,-4006776,..,..,..,..,-5536970,..,..,..,..,-4657598,..,..,..,..,-1300915,..,..,..,..,-5047118,..,..,..,..,-11576854,..,..,..,..,-10910508,..,..,..,..,-17577602,..,..,..,..,-19929411,..,..,..,..,-10345067,..,..,..,..,-11801558,..,..,..
Net migration,SM.POP.NETM,North America,NAC,..,..,2014419,..,..,..,..,2167171,..,..,..,..,3647450,..,..,..,..,4191514,..,..,..,..,3756399,..,..,..,..,4226070,..,..,..,..,5154309,..,..,..,..,9643489,..,..,..,..,6386906,..,..,..,..,6755187,..,..,..,..,6203132,..,..,..,..,5984188,..,..,..
Net migration,SM.POP.NETM,Not classified,INX,..,..,..,..,..,..,..,..,..,..,..,..,..,..,..,..,..,..,..,..,..,..,..,..,..,..,..,..,..,..,..,..,..,..,..,..,..,..,..,..,..,..,..,..,..,..,..,..,..,..,..,..,..,..,..,..,..,..,..,..,..
Net migration,SM.POP.NETM,OECD members,OED,..,..,2777138,..,..,..,..,2528136,..,..,..,..,4999706,..,..,..,..,3928760,..,..,..,..,2999967,..,..,..,..,4729279,..,..,..,..,8503285,..,..,..,..,10845290,..,..,..,..,13619817,..,..,..,..,15004630,..,..,..,..,14992530,..,..,..,..,16409707,..,..,..
Net migration,SM.POP.NETM,Other small states,OSS,..,..,-85621,..,..,..,..,-36325,..,..,..,..,-32306,..,..,..,..,-24524,..,..,..,..,59141,..,..,..,..,192078,..,..,..,..,-241409,..,..,..,..,-40858,..,..,..,..,216576,..,..,..,..,1177812,..,..,..,..,633531,..,..,..,..,470312,..,..,..
Net migration,SM.POP.NETM,Pacific island small states,PSS,..,..,-5058,..,..,..,..,-24203,..,..,..,..,-44991,..,..,..,..,-54097,..,..,..,..,-53736,..,..,..,..,-111994,..,..,..,..,-72508,..,..,..,..,-92527,..,..,..,..,-107315,..,..,..,..,-76641,..,..,..,..,-90466,..,..,..,..,-63416,..,..,..
Net migration,SM.POP.NETM,Post-demographic dividend,PST,..,..,3690159,..,..,..,..,3994590,..,..,..,..,6548071,..,..,..,..,6161566,..,..,..,..,5306758,..,..,..,..,7381111,..,..,..,..,10019730,..,..,..,..,12996283,..,..,..,..,15815417,..,..,..,..,16311822,..,..,..,..,14432469,..,..,..,..,13892345,..,..,..
Net migration,SM.POP.NETM,Pre-demographic dividend,PRE,..,..,-288106,..,..,..,..,-322566,..,..,..,..,-458682,..,..,..,..,917736,..,..,..,..,-5416165,..,..,..,..,-4079710,..,..,..,..,1892869,..,..,..,..,-3496049,..,..,..,..,-740394,..,..,..,..,-4795429,..,..,..,..,-1626190,..,..,..,..,-2213380,..,..,..
Net migration,SM.POP.NETM,Small states,SST,..,..,-353511,..,..,..,..,-359138,..,..,..,..,-361987,..,..,..,..,-349694,..,..,..,..,-260709,..,..,..,..,-261803,..,..,..,..,-550317,..,..,..,..,-363504,..,..,..,..,-67522,..,..,..,..,958718,..,..,..,..,451614,..,..,..,..,319841,..,..,..
Net migration,SM.POP.NETM,South Asia,SAS,..,..,-454118,..,..,..,..,-787125,..,..,..,..,-1235735,..,..,..,..,-776350,..,..,..,..,-2671138,..,..,..,..,-1914631,..,..,..,..,444901,..,..,..,..,-2726443,..,..,..,..,-4485954,..,..,..,..,-8781410,..,..,..,..,-7680665,..,..,..,..,-6215366,..,..,..
Net migration,SM.POP.NETM,South Asia (IDA & IBRD),TSA,..,..,-454118,..,..,..,..,-787125,..,..,..,..,-1235735,..,..,..,..,-776350,..,..,..,..,-2671138,..,..,..,..,-1914631,..,..,..,..,444901,..,..,..,..,-2726443,..,..,..,..,-4485954,..,..,..,..,-8781410,..,..,..,..,-7680665,..,..,..,..,-6215366,..,..,..
Net migration,SM.POP.NETM,Sub-Saharan Africa,SSF,..,..,-396911,..,..,..,..,-482842,..,..,..,..,-564470,..,..,..,..,-588604,..,..,..,..,-1509927,..,..,..,..,-1207957,..,..,..,..,-443350,..,..,..,..,-1513781,..,..,..,..,-1490054,..,..,..,..,-2300123,..,..,..,..,-3013764,..,..,..,..,-1814121,..,..,..
Net migration,SM.POP.NETM,Sub-Saharan Africa (excluding high income),SSA,..,..,-365058,..,..,..,..,-452576,..,..,..,..,-544175,..,..,..,..,-567688,..,..,..,..,-1485109,..,..,..,..,-1166784,..,..,..,..,-438242,..,..,..,..,-1504668,..,..,..,..,-1473316,..,..,..,..,-2285319,..,..,..,..,-3000685,..,..,..,..,-1813121,..,..,..
Net migration,SM.POP.NETM,Sub-Saharan Africa (IDA & IBRD countries),TSS,..,..,-396911,..,..,..,..,-482842,..,..,..,..,-564470,..,..,..,..,-588604,..,..,..,..,-1509927,..,..,..,..,-1207957,..,..,..,..,-443350,..,..,..,..,-1513781,..,..,..,..,-1490054,..,..,..,..,-2300123,..,..,..,..,-3013764,..,..,..,..,-1814121,..,..,..
Net migration,SM.POP.NETM,Upper middle income,UMC,..,..,-2645293,..,..,..,..,-1403046,..,..,..,..,-2910035,..,..,..,..,-2498778,..,..,..,..,192545,..,..,..,..,-2232497,..,..,..,..,-5908984,..,..,..,..,-3882201,..,..,..,..,-4680642,..,..,..,..,-4408478,..,..,..,..,3260948,..,..,..,..,-1562415,..,..,..
,,,,,,,,,,,,,,,,,,,,,,,,,,,,,,,,,,,,,,,,,,,,,,,,,,,,,,,,,,,,,,,,
,,,,,,,,,,,,,,,,,,,,,,,,,,,,,,,,,,,,,,,,,,,,,,,,,,,,,,,,,,,,,,,,
,,,,,,,,,,,,,,,,,,,,,,,,,,,,,,,,,,,,,,,,,,,,,,,,,,,,,,,,,,,,,,,,
Data from database: World Development Indicators,,,,,,,,,,,,,,,,,,,,,,,,,,,,,,,,,,,,,,,,,,,,,,,,,,,,,,,,,,,,,,,,
Last Updated: 02/17/2021,,,,,,,,,,,,,,,,,,,,,,,,,,,,,,,,,,,,,,,,,,,,,,,,,,,,,,,,,,,,,,,,
